source,target,bigram_weight,similarity_weight,total_weight,edge_type
(m)un-taš-dingir-gal,ša-ak,10.5,0,10.5,bigram
an-za-an,šu-šu-un-ka,9.9,0,9.9,bigram
(m)un-taš-dingir-gal,u2,9.6,0,9.6,bigram
an-za-an,su-un-ki-ik,7.35,0,7.35,bigram
hu-ut-tak-ha-li-ik,u2-me,5.55,0,5.55,bigram
hu-us-si-ip-me,ku-ši-ih,4.5,0.6748,5.1748,both
hu-us-si-ip-me,u2-pa-at,4.5,0,4.5,bigram
hi-ih,tu4-ur,4.05,0,4.05,bigram
(md)hu-um-ban-nu-me-na-gi,ša-ak,3.9,0,3.9,bigram
du-ni-ih,in,3.0,0.6732,3.6732,both
a-ak,dingir-gal,2.85,0.6905,3.5405,both
si-it-me,u2-me,2.7,0.7732,3.4732,both
li-na,te-la-ak-ni,3.45,0,3.45,bigram
si-ia-an,šu-šu-un-ka,3.3,0,3.3,bigram
tu4-ur,u2-me,2.55,0.74,3.29,both
hi-ih,si-it-me,3.15,0,3.15,bigram
dingir-gal,u2-me,2.25,0.8131,3.0631,both
an-za-an,zu-un-ki-ik,3.0,0,3.0,bigram
in,si-ia-an-ku-uk-ra,2.1,0.7745,2.8745,both
(d)in-šu-uš-na-ak,a-ak,1.95,0.8928,2.8428,both
ta-ak-me,u2-me,2.7,0,2.7,bigram
ki-it-ti-im-ma,na-a,2.55,0,2.55,bigram
a-gi,si-ia-an,1.65,0.7601,2.4101,both
dingir-gal,ku-ši-ih,2.4,0,2.4,bigram
ki-it-ti-im-ma,pi-el,2.25,0,2.25,bigram
me-lu-uk-ra,na-a,2.25,0,2.25,bigram
az-ki-it,tu4-ur,2.25,0,2.25,bigram
hu-šu-ia,in-gi,2.1,0,2.1,bigram
in,tu4-ni-ih,2.1,0,2.1,bigram
ta-ak-me,šu-šu-un-ka,1.95,0,1.95,bigram
(md)hu-um-ban-nu-me-na-gi,su-un-ki-ik,1.95,0,1.95,bigram
(md)hu-um-ban-nu-me-na-gi,zu-un-ki-ik,1.95,0,1.95,bigram
(d)in-šu-uš-na-ak,dingir-gal,1.05,0.7593,1.8093,both
du-ni-ih,hu-ut-tak-ha-li-ik,1.8,0,1.8,bigram
te-la-ak-ni,ul-li-na,1.8,0,1.8,bigram
sah-ri,tu4-ur,1.8,0,1.8,bigram
ir,ša-ri-ih,1.8,0,1.8,bigram
a-gi,in-ti-ik-ka,1.05,0.6272,1.6772,both
(d)in-šu-uš-na-ak,si-ia-an-ku-uk-pa,1.65,0,1.65,bigram
li-na,si-ia-an-ku-uk-pa,1.65,0,1.65,bigram
hu-šu-ia,sah-ri,1.65,0,1.65,bigram
si-ia-an,u2-pa-at,0.9,0.7364,1.6364,both
(d)in-šu-uš-na-ak,si-ia-an-ku-uk-ra,0.9,0.7236,1.6236,both
hi-en-ka,in-gi,0.9,0.6754,1.5754,both
a-gi,dingir-gal,0.75,0.7537,1.5037,both
hi-en-ga,in-gi,1.5,0,1.5,bigram
hu-ut-tak-ha-li-ik,tu4-ni-ih,1.5,0,1.5,bigram
(m)un-taš-dingir-gal,u3,1.5,0,1.5,bigram
in,si-a-an-ku-uk-ra,0.75,0.7317,1.4817,both
(d)in-šu-uš-na-ak,a-gi,0.75,0.6806,1.4306,both
(d)in-šu-uš-na-ak,ku-ši-ih,0.6,0.8134,1.4134,both
ku-ši-ih,si-ia-an,0.75,0.6462,1.3962,both
(d)in-šu-ši-na-ak,a-ak,1.35,0,1.35,bigram
hu-ut-tak-ha-li-ik,mu-ur-tah,1.35,0,1.35,bigram
[…],u2-me,0.45,0.8434,1.2934,both
(d)in-šu-uš-na-ak,u2-me,0.45,0.7977,1.2477,both
ku-ši-ih,u2,0.6,0.6427,1.2427,both
(md)hu-um-ban-nu-me-na-ki,ša-ak,1.2,0,1.2,bigram
(d)PA.TUG2,u2-me,0.45,0.6192,1.0692,both
tu4-ur,zu-un-ki-me,1.05,0,1.05,bigram
dingir-gal,si-ia-an-ku-uk-ra,0.3,0.7003,1.0003,both
a-ak,tu4-ur,0,0.9576,0.9576,similarity
in,u2-me,0,0.9324,0.9324,similarity
u2-me,u2-pa-at,0,0.9266,0.9266,similarity
(d)in-šu-ši-na-ak,si-ia-an,0.3,0.626,0.926,both
a-gi,ku-ši-ih,0.15,0.7584,0.9084,both
u2-me,šu-ul-lu-me-en-ga,0.9,0,0.9,bigram
az-ki-it,šu-ul-lu-me-en-ga,0.9,0,0.9,bigram
hi-ih,zi-it-me,0.9,0,0.9,bigram
hi-en-ka,in-ti-ik-ka,0.9,0,0.9,bigram
(d)in-šu-ši-na-ak,si-ia-an-ku-uk-pa,0.9,0,0.9,bigram
(d)in-šu-uš-na-ak,te-ip-ti,0.9,0,0.9,bigram
u2-me,šu-ul-lu-me-ga,0.9,0,0.9,bigram
pi-el,šu-šu-un-ka,0.9,0,0.9,bigram
(md)hu-um-ban-nu-me-na-ki,su-un-ki-ik,0.9,0,0.9,bigram
ku-ši-ih,u2-me,0,0.8825,0.8825,similarity
hu-us-si-ip-me,in,0,0.8563,0.8563,similarity
in,ku-ši-ih,0,0.8494,0.8494,similarity
(d)in-šu-ši-na-ak,ku-ši-ih,0.15,0.6943,0.8443,both
a-ak,u2-me,0,0.8387,0.8387,similarity
dingir-gal,in,0.15,0.6819,0.8319,both
in,si-it-me,0,0.8216,0.8216,similarity
dingir-gal,si-ia-an,0.15,0.6716,0.8216,both
in,si-ia-an,0,0.8183,0.8183,similarity
a-gi,si-ia-an-ku-uk-ra,0,0.818,0.818,similarity
ku-ši-ih,u2-pa-at,0,0.8171,0.8171,similarity
a-gi,hi-en-ka,0,0.8134,0.8134,similarity
a-pu-un,u2-me,0,0.8089,0.8089,similarity
hi-en-ka,tu4-ur,0,0.8046,0.8046,similarity
a-ha-ar,in,0,0.8038,0.8038,similarity
a-ak,si-ia-an-ku-uk-ra,0,0.7944,0.7944,similarity
in,si-ia-an-ku-uk-pa,0.15,0.6404,0.7904,both
in,ki-it-ti-im-ma,0,0.788,0.788,similarity
a-ak,šu-šu-un-ka,0,0.7874,0.7874,similarity
hu-us-si-ip-me,u2-me,0,0.7853,0.7853,similarity
a-ak,ku-ši-ih,0,0.7833,0.7833,similarity
du-ni-ih,si-ia-an,0.15,0.6326,0.7826,both
hu-ut-tak-ha-li-ik,ku-ši-ih,0.15,0.6322,0.7822,both
[…],u2-pa-at,0,0.7818,0.7818,similarity
u2,u2-pa-at,0,0.7813,0.7813,similarity
a-ak,in,0,0.7791,0.7791,similarity
hi-en-ka,u2-me,0,0.7786,0.7786,similarity
a-gi,u2-me,0,0.7764,0.7764,similarity
az-ki-it,u2-me,0,0.7742,0.7742,similarity
du-ni-ih,u2-me,0,0.7675,0.7675,similarity
tu4-ur,šu-šu-un-ka,0,0.7668,0.7668,similarity
ku-ši-ih,tu4-ur,0,0.7668,0.7668,similarity
a-ak,hu-us-si-ip-me,0,0.7562,0.7562,similarity
in-gi,u2-me,0,0.7546,0.7546,similarity
ku-ši-ih,si-ia-an-ku-uk-ra,0,0.7545,0.7545,similarity
dingir-gal,u2-pa-at,0,0.7541,0.7541,similarity
a-gi,im-me,0,0.7538,0.7538,similarity
si-ia-an-ku-uk-ra,u2-me,0,0.7527,0.7527,similarity
dingir-gal,mu-ur-tah,0,0.7518,0.7518,similarity
ir,uk-ku-ri,0.75,0,0.75,bigram
hi-en-ga,in-di-ig-ga,0.75,0,0.75,bigram
a-gi,in-di-ig-ga,0.75,0,0.75,bigram
a-gi,in-di-ik-ka,0.75,0,0.75,bigram
az-ki-it,šu-ul-lu-me-ga,0.75,0,0.75,bigram
a-ha-an,a-pu-un,0.75,0,0.75,bigram
hu-ut-ta-an-ra,tu4-ru-un-ka,0.75,0,0.75,bigram
u2,u2-me,0,0.7494,0.7494,similarity
ku-ši-ih,si-a-an-ku-uk-ra,0,0.7492,0.7492,similarity
in,u2-pa-at,0,0.7483,0.7483,similarity
(d)in-šu-uš-na-ak,[…],0,0.7467,0.7467,similarity
hi-en-ka,ku-ši-ih,0,0.7462,0.7462,similarity
ku-ši-ih,šu-šu-un-ka,0,0.7351,0.7351,similarity
dingir-gal,in-gi,0,0.7345,0.7345,similarity
[…],ku-ši-ih,0,0.7342,0.7342,similarity
dingir-gal,hu-us-si-ip-me,0,0.7326,0.7326,similarity
in-gi,ku-ši-ih,0,0.7326,0.7326,similarity
hu-us-si-ip-me,tu4-ur,0,0.7303,0.7303,similarity
a-pu-un,hi-ih,0,0.7297,0.7297,similarity
[…],an-za-an,0,0.7281,0.7281,similarity
tu4-ur,u2,0,0.7247,0.7247,similarity
in,in-gi,0,0.7247,0.7247,similarity
a-ak,a-gi,0,0.7247,0.7247,similarity
su-un-ki-ik,u2-me,0,0.7237,0.7237,similarity
a-gi,si-it-me,0,0.7218,0.7218,similarity
hi-en-ga,u2-me,0,0.7214,0.7214,similarity
a-gi,in,0,0.7208,0.7208,similarity
u2-me,šu-šu-un-ka,0,0.7189,0.7189,similarity
a-gi,u2-pa-at,0,0.7153,0.7153,similarity
a-ak,u2-pa-at,0,0.7145,0.7145,similarity
(d)in-šu-uš-na-ak,tu4-ur,0,0.7096,0.7096,similarity
si-it-me,u2-pa-at,0,0.7075,0.7075,similarity
hi-ih,ku-ši-ih,0,0.7026,0.7026,similarity
su-un-ki-ik,u2-pa-at,0,0.7003,0.7003,similarity
ak-ka,tu4-ur,0,0.6945,0.6945,similarity
(d)in-šu-uš-na-ak,du-ni-ih,0,0.6917,0.6917,similarity
[…],in,0,0.689,0.689,similarity
a-gi,hu-ut-tak-ha-li-ik,0,0.6887,0.6887,similarity
in,sah-ri,0,0.6886,0.6886,similarity
hu-us-si-ip-me,šu-šu-un-ka,0,0.6884,0.6884,similarity
a-ha-ar,u2-me,0,0.6879,0.6879,similarity
(d)in-šu-uš-na-ak,u2-pa-at,0,0.6878,0.6878,similarity
in,šu-šu-un-ka,0,0.6867,0.6867,similarity
hi-en-ka,u2-pa-at,0,0.6845,0.6845,similarity
si-it-me,šu-šu-un-ka,0,0.6844,0.6844,similarity
(d)ki-ri-ri-ša,hu-us-si-ip-me,0,0.6844,0.6844,similarity
az-ki-it,u2-pa-at,0,0.6824,0.6824,similarity
dingir-gal,si-ia-an-ku-uk-pa,0,0.6768,0.6768,similarity
(d)in-šu-uš-na-ak,in-gi,0,0.6765,0.6765,similarity
si-ia-an-ku-uk,u2-me,0,0.6763,0.6763,similarity
[…],a-ak,0,0.6747,0.6747,similarity
ku-ši-ih,su-un-ki-ik,0,0.6737,0.6737,similarity
hi-en-ga,hu-ut-tak-ha-li-ik,0,0.673,0.673,similarity
si-ia-an-i-me,šu-šu-un-ka,0,0.6728,0.6728,similarity
[…],tu4-ur,0,0.672,0.672,similarity
a-ak,u2-ri-pu-pi,0,0.6717,0.6717,similarity
ak-ka,in,0,0.6657,0.6657,similarity
hi-en-ga,hi-en-ka,0,0.6653,0.6653,similarity
a-pu-un,dingir-gal,0,0.6637,0.6637,similarity
a-ak,si-it-me,0,0.6628,0.6628,similarity
ta-ak-me,tu4-ur,0,0.6627,0.6627,similarity
a-ha-ar,hu-us-si-ip-me,0,0.6624,0.6624,similarity
du-ni-ih,ku-ši-ih,0,0.6623,0.6623,similarity
si-ia-an-ku-uk-ra,tu4-ur,0,0.6622,0.6622,similarity
a-gi,hi-ih,0,0.6613,0.6613,similarity
hu-ut-tak-ha-li-ik,in,0,0.6593,0.6593,similarity
ak-ka,su-un-ki-me,0,0.6579,0.6579,similarity
(d)ši-mut,si-ia-an-ku-uk-ra,0,0.6574,0.6574,similarity
a-pu-un,hu-us-si-ip-me,0,0.6574,0.6574,similarity
si-ia-an-ku-uk-ra,u2-pa-at,0,0.656,0.656,similarity
hi-en-ga,šu-šu-un-ka,0,0.6557,0.6557,similarity
hi-ih,tu4-ni-ih,0,0.6551,0.6551,similarity
a-ak,u2,0,0.6542,0.6542,similarity
gi-ri-na,šu-šu-un-ka,0,0.6535,0.6535,similarity
ir-mu,lu-bu-ru-uh,0,0.6519,0.6519,similarity
a-ak,ša-ri-ih,0,0.6508,0.6508,similarity
sah-ri,u2-me,0,0.6493,0.6493,similarity
hi-en-ga,u2-pa-at,0,0.6484,0.6484,similarity
hi-en-ka,hu-us-si-ip-me,0,0.6473,0.6473,similarity
a-pu-un,si-it-me,0,0.6472,0.6472,similarity
si-ia-an-ku-uk-ra,si-it-me,0,0.6463,0.6463,similarity
a-pu-un,u2-pa-at,0,0.6457,0.6457,similarity
az-ki-it,in,0,0.6454,0.6454,similarity
a-gi,in-gi,0,0.6454,0.6454,similarity
a-gi,a-pu-un,0,0.6436,0.6436,similarity
(d)in-šu-uš-na-ak,ta-ak-me,0,0.6429,0.6429,similarity
az-ki-it,sah-ri,0,0.6422,0.6422,similarity
ku-ši-ih,si-it-me,0,0.6417,0.6417,similarity
a-ak,hi-en-ka,0,0.6414,0.6414,similarity
hi-en-ga,u2,0,0.641,0.641,similarity
hu-us-si-ip-me,ta-ak-me,0,0.6405,0.6405,similarity
in,mu-ur-tah,0,0.6404,0.6404,similarity
(d)in-šu-uš-na-ak,la-ha-ak-ir-ra,0,0.6398,0.6398,similarity
a-ak,du-ni-ih,0,0.6394,0.6394,similarity
si-a-an-ku-uk-ra,si-it-me,0,0.639,0.639,similarity
a-gi,hi-en-ga,0,0.6386,0.6386,similarity
mu-ur-tah,si-ia-an,0,0.6377,0.6377,similarity
hi-ih,u2-me,0,0.6374,0.6374,similarity
in-gi,u2-pa-at,0,0.6373,0.6373,similarity
hi-en-ga,hu-us-si-ip-me,0,0.6369,0.6369,similarity
mu-ur-tah,u2,0,0.6365,0.6365,similarity
du-ni-ih,u2-pa-at,0,0.6362,0.6362,similarity
[…],in-gi,0,0.6361,0.6361,similarity
hu-šu-ia,ku-ši-ih,0,0.6355,0.6355,similarity
(d)na-ah-hu-un-te,[…],0,0.6354,0.6354,similarity
(d)iš-ni-ka-ra-ab2,],0,0.6349,0.6349,similarity
a-ak,ta-ak-me,0,0.634,0.634,similarity
(d)ki-ri-ri-ša,in,0,0.6334,0.6334,similarity
mu-ur-tah,u2-pa-at,0,0.6331,0.6331,similarity
(d)in-šu-uš-na-ak,az-ki-it,0,0.632,0.632,similarity
ir,u2-me,0,0.6299,0.6299,similarity
e,si-a-an-ku-uk-ra,0,0.6294,0.6294,similarity
az-ki-it,si-ia-an-ku-uk,0,0.6293,0.6293,similarity
an-za-an,u2-me,0,0.6275,0.6275,similarity
(d)in-šu-ši-na-ak,u2-me,0,0.6273,0.6273,similarity
hi-en-ka,šu-šu-un-ka,0,0.6271,0.6271,similarity
(d)in-šu-ši-na-ak,hi-en-ka,0,0.6268,0.6268,similarity
in-gi,si-ia-an-ku-uk-ra,0,0.6268,0.6268,similarity
hi-en-ga,ku-ši-ih,0,0.6265,0.6265,similarity
si-ia-an-ku-uk-ra,u2-ri-pu-pi,0,0.6258,0.6258,similarity
(d)zu-un-ki-ir-ri-ša-ar-ra,tu4-up-pi-me,0,0.624,0.624,similarity
a-pu-un,in,0,0.6229,0.6229,similarity
im-me,ku-ši-ih,0,0.6198,0.6198,similarity
su-un-ki-ik,tu4-ur,0,0.6182,0.6182,similarity
dingir-gal,u2,0,0.6171,0.6171,similarity
(d)PA.TUG2,in,0,0.6159,0.6159,similarity
a-ak,a-bu-ul,0,0.6157,0.6157,similarity
im-me,zu-un-ki-ik,0,0.6154,0.6154,similarity
hu-tu4-un-ra,hu]-uh-tah,0,0.6153,0.6153,similarity
du-ni-ih,ul-li-na,0,0.6151,0.6151,similarity
si-ia-an,u2-me,0,0.6151,0.6151,similarity
hi-en-ga,u2-ri-pu-pi,0,0.6145,0.6145,similarity
(d)ki-{ri-ri}-ša,ka-ak-pa-ah,0,0.614,0.614,similarity
a-gi,ta-li-in,0,0.6138,0.6138,similarity
du-ni-ih,si-it-me,0,0.6137,0.6137,similarity
pi-[el,u2-me,0,0.6134,0.6134,similarity
in-gi,sah-ri,0,0.6113,0.6113,similarity
si-ia-an,si-ia-an-ku-uk-ra,0,0.6104,0.6104,similarity
u2-pa-at,u2-ri-pu-pi,0,0.6102,0.6102,similarity
la-ha-ak-ir-ra,tu4-ur,0,0.61,0.61,similarity
in-gi,mu-ur-tah,0,0.6096,0.6096,similarity
a-gi,du-ni-ih,0,0.6066,0.6066,similarity
hu-ut-tak-ha-li-ik,in-ti-ik-ka,0,0.6065,0.6065,similarity
(d)PA.TUG2,[…],0,0.6059,0.6059,similarity
a-gi,u2-ri-pu-pi,0,0.6058,0.6058,similarity
hu-ut-tak-ha-li-ik,la-an-si-ti-ir-ra,0,0.6053,0.6053,similarity
hi-en-ka,su-un-ki-ik,0,0.6052,0.6052,similarity
sah-ri,si-it-me,0,0.6052,0.6052,similarity
a-ha-ar,in-gi,0,0.605,0.605,similarity
si-ia-an-ku-uk,u2,0,0.6045,0.6045,similarity
hu-ut-tak-ha-li-ik,ki-it-ti-im-ma,0,0.6042,0.6042,similarity
si-ia-an,su-un-ki-me,0,0.6039,0.6039,similarity
an-za-an,in,0,0.6036,0.6036,similarity
[hi-ih,ku-ši-ih-ši-ma,0,0.6033,0.6033,similarity
(d)in-šu-ši-na-ak,a-gi,0,0.6032,0.6032,similarity
a-gi,un,0,0.603,0.603,similarity
hu-ut-tah-ša,zu-un-ki-ik,0,0.6027,0.6027,similarity
(d)in-šu-ši-na-ak,a-ha-a,0,0.6024,0.6024,similarity
zu-un-ki-me,šu-šu-un-ka,0,0.6023,0.6023,similarity
ku-ši-ih,mu-ur-tah,0,0.6008,0.6008,similarity
hu-us-si-ip-me,hu-ut-tak-ha-li-ik,0,0.6006,0.6006,similarity
hi-ih,u2,0,0.6003,0.6003,similarity
(md)hu-ban-nu-me-na-gi,ša-ak,0.6,0,0.6,bigram
(md)hu-ban-nu-me-na-gi,su-un-ki-ik,0.6,0,0.6,bigram
i,ul-hi,0.6,0,0.6,bigram
du-ni-ih,u2,0.6,0,0.6,bigram
ir,ta-ak-ni,0.6,0,0.6,bigram
a-ni,pa-ar,0.6,0,0.6,bigram
(d)in-šu-uš-na-ak,ul-li-na,0.6,0,0.6,bigram
(d)hu-ban-um-me-en-na-ki,ša-ak,0.6,0,0.6,bigram
me-lu-uk-ra,zu-un-ki-me,0.6,0,0.6,bigram
a-gi,si-a-an,0.6,0,0.6,bigram
(d)im,a-ak,0.6,0,0.6,bigram
(d)ši-mut,a-ak,0.6,0,0.6,bigram
su-un-ki-ip,u2-ri-pu-pi,0.6,0,0.6,bigram
(d)PA.TUG2,ku-ši-ih,0.6,0,0.6,bigram
su-un-ki-me,tu4-ur,0.6,0,0.6,bigram
du-ni-ih,si-ia-an-ku-uk-ra,0.6,0,0.6,bigram
a-ha-an,mu-ur-tah,0.6,0,0.6,bigram
ku-la-a,ku-ul-la-an-ka,0.6,0,0.6,bigram
ku-la-a,ur,0.6,0,0.6,bigram
tu4-um-pa-an-ra,ur,0.6,0,0.6,bigram
a-ak,tu4-um-pa-an-ra,0.6,0,0.6,bigram
a-ak,tu4-ru-un-ka,0.6,0,0.6,bigram
hu-ut-ta-an-ra,si-ia-an-ku-uk,0.6,0,0.6,bigram
si-ia-an-i-me,si-ia-an-ku-uk,0.6,0,0.6,bigram
si-ia-an-i-me,u2-pa-at,0.6,0,0.6,bigram
ir,la-an-si-ti-ir-ra,0.6,0,0.6,bigram
ir,si-ia-an-ku-uk,0.6,0,0.6,bigram
si-ia-an-ku-uk,si-ia-an-ra,0.6,0,0.6,bigram
ir,si-ia-an-ra,0.6,0,0.6,bigram
si-ia-an-ku-uk-ra,un,0.6,0,0.6,bigram
li-na,un,0.6,0,0.6,bigram
pi-el,te-la-ak-ni,0.6,0,0.6,bigram
a-ak,me-lu-uk-ra,0.6,0,0.6,bigram
un,zi-it-me,0.6,0,0.6,bigram
du-ni-iš-ni,un,0.6,0,0.6,bigram
a-pu,si-ia-an-ku-uk-pa,0.45,0,0.45,bigram
a-pu,u2,0.45,0,0.45,bigram
si-ia-an,te-la-ak-ni,0.45,0,0.45,bigram
ap-pa,si-ia-an,0.45,0,0.45,bigram
ap-pa,ku-ši-ih-ma,0.45,0,0.45,bigram
ku-ši-ih-ma,pi-el,0.45,0,0.45,bigram
gi-ri-na,si-ia-an-ku-uk-pa,0.45,0,0.45,bigram
gi-ri-na,hi-ih-li,0.45,0,0.45,bigram
dingir-gal,ha-at,0.45,0,0.45,bigram
si-ia-an-ku-uk-pa-ri,uk-ku-ri,0.45,0,0.45,bigram
(d)na-ah-hu-un-te-ir,ta-ak-ni,0.45,0,0.45,bigram
(d)na-ah-hu-un-te-ir,ša-ra-ra,0.45,0,0.45,bigram
pa-ar,ša-ra-ra,0.45,0,0.45,bigram
a-ni,ku-tu4-un,0.45,0,0.45,bigram
(d)hu-ban-um-me-en-na-ki,su-un-ki-ik,0.45,0,0.45,bigram
te-la-ak,ul-li-na,0.45,0,0.45,bigram
hi-en-ka,zi-it-me,0.45,0,0.45,bigram
du-ni-ih,si-ia-an-ku-uk-pa,0.45,0,0.45,bigram
si-a-an,u2-pa-at,0.45,0,0.45,bigram
(d)pi-ni-gir3,ku-ši-ih,0.45,0,0.45,bigram
(d)pi-ni-gir3,in,0.45,0,0.45,bigram
(d)im,ku-ši-ih,0.45,0,0.45,bigram
(d)ša-la,a-ak,0.45,0,0.45,bigram
(d)nin-a-li,a-ak,0.45,0,0.45,bigram
a-ha-ar,mu-ur-tah,0.45,0,0.45,bigram
li-na,si-ia-an-ku-uk-ra,0.45,0,0.45,bigram
(d)hi-iš-mi-ti-ik,a-ak,0.45,0,0.45,bigram
(d)ru-hu-ra-te-ir,a-ak,0.45,0,0.45,bigram
ap-pa,su-un-ki-ip,0.45,0,0.45,bigram
im-me,u2-ri-pu-pi,0.45,0,0.45,bigram
im-me,ku-ši-ih-ša,0.45,0,0.45,bigram
ku-ši-ih-ša,u2,0.45,0,0.45,bigram
me-lu-uk-ra,su-un-ki-me,0.45,0,0.45,bigram
li-na-pu-un,u2-me,0.45,0,0.45,bigram
li-na-pu-un,te-la-ak-ni,0.45,0,0.45,bigram
ta-ak-me,tu4-ni-ih,0.45,0,0.45,bigram
hi-en-ga,in-di-ik-ka,0.45,0,0.45,bigram
a-ha-ar,ir,0.45,0,0.45,bigram
hu-ut-ta-ak-ha-li-ik,u2-me,0.45,0,0.45,bigram
(md)hu-um-ban-nu-me-en-na-ki,ša-ak,0.45,0,0.45,bigram
(md)hu-um-ban-nu-me-en-na-ki,su-un-ki-ik,0.45,0,0.45,bigram
la-ha-ak-ir-ra,u2,0.45,0,0.45,bigram
[…],ni,0.45,0,0.45,bigram
a-pu-un,la-an-si-ti-ip-pa,0.45,0,0.45,bigram
ir,mu-ur-tah,0.45,0,0.45,bigram
a-ak,zu-un-ki-me,0.45,0,0.45,bigram
u2-pa-at,šu-šu-un-ka,0.3,0,0.3,bigram
la-an-si-ti-ip-pa,u2-pa-at,0.3,0,0.3,bigram
la-an-si-ti-ip-pa,te-pu-uh,0.3,0,0.3,bigram
te-pu-uh,ul-hi,0.3,0,0.3,bigram
a-ha-a,i,0.3,0,0.3,bigram
a-ha-a,ku-ši-ih,0.3,0,0.3,bigram
a-ak,pi-ti-ir,0.3,0,0.3,bigram
ak-ka,me-el-ka-an-ra,0.3,0,0.3,bigram
a-ak,hi-iš,0.3,0,0.3,bigram
(m)un-taš-dingir-gal-me,hi-iš,0.3,0,0.3,bigram
a-ha-ar,ta-an-ra,0.3,0,0.3,bigram
(d)ki-ri-ri-ša,a-ak,0.3,0,0.3,bigram
(d)ki-ri-ri-ša,si-ia-an-ku-uk-pa-ri,0.3,0,0.3,bigram
dingir-gal,me-lu-uk-ra,0.3,0,0.3,bigram
a-ha-an,si-ia-an-ku-uk,0.3,0,0.3,bigram
a-ha-an,ku-ši-ih,0.3,0,0.3,bigram
hi-en-ka,in-di-ik-ka,0.3,0,0.3,bigram
(d)ki-ri-ri-ša,u2-me,0.3,0,0.3,bigram
(d)hu-um-ban-nu-me-na-gi,ša-ak,0.3,0,0.3,bigram
(d)hu-um-ban-nu-me-na-gi,su-un-ki-ik,0.3,0,0.3,bigram
(d)ši-mut,ku-ši-ih,0.3,0,0.3,bigram
(d)na-ap-ra-te-ip,ku-ši-ih,0.3,0,0.3,bigram
(d)pi-ni-gir3-me,si-ia-an,0.3,0,0.3,bigram
(d)pi-ni-gir3-me,u2-pa-at,0.3,0,0.3,bigram
(d)hi-iš-mi-ti-ik,ku-ši-ih,0.3,0,0.3,bigram
hu-ut-tah-ša,im-me,0.3,0,0.3,bigram
u2,zig-ra-tu4-me,0.3,0,0.3,bigram
tu4-ur,za-ah-ri,0.3,0,0.3,bigram
(d)PA.TUG2,si-ia-an-ku-uk-ra,0.3,0,0.3,bigram
(d)hu-ban-nu-me-na-ki,ša-ak,0.3,0,0.3,bigram
(d)hu-ban-nu-me-na-ki,su-un-ki-ik,0.3,0,0.3,bigram
(d)PA.TUG2,ul-li-na,0.3,0,0.3,bigram
hi-en-ka,si-it-me,0.3,0,0.3,bigram
gi-ri-ni,in,0.3,0,0.3,bigram
a-al,un-taš-dingir-gal,0.3,0,0.3,bigram
a-ak,un-taš-dingir-gal,0.3,0,0.3,bigram
a-ak,si-ia-an-ku-uk,0.3,0,0.3,bigram
a-ha,ku-ši-ih,0.3,0,0.3,bigram
hu-hu-un,ku-ši-ih,0.3,0,0.3,bigram
in,ka-ak-pa-ah,0.3,0,0.3,bigram
ka-ak-pa-ah,ku-ku-un-nu-um,0.3,0,0.3,bigram
te-la-ak-ni,tu4-um-pa,0.3,0,0.3,bigram
ap-pa,ku-ši-ha,0.3,0,0.3,bigram
u2-ri-pu-pi,zu-un-ki-ip,0.3,0,0.3,bigram
(d)in-šu-uš-na-ak,un,0.3,0,0.3,bigram
du-ni-ih,un,0.3,0,0.3,bigram
(d)hi-iš-mi-di-ik,(d)ru-hu-ra-tir,0.3,0,0.3,bigram
(m)hu-ban-nu-me-na-ki,ša-ak,0.3,0,0.3,bigram
(md)hu-um-ban-nu-me-na-ki,zu-un-ki-ik,0.3,0,0.3,bigram
(m)un-taš-dingir-gal,si-ia-an,0.3,0,0.3,bigram
(d)in-na-na,be-el-ti,0.3,0,0.3,bigram
(m)hu-ban-um-me-na-ki,ša-ak,0.3,0,0.3,bigram
(m)hu-ban-um-me-na-ki,su-un-ki-ik,0.3,0,0.3,bigram
tu4-[ur],u2-me,0.3,0,0.3,bigram
(d)ši-ia-šu-um,si-ia-an-ku-uk-ra,0.3,0,0.3,bigram
si-ia-an-ku-uk-ra,ul-li-na,0.3,0,0.3,bigram
a-pu-un,ša-ri-ih,0.3,0,0.3,bigram
ap-pa,mu-ši-a,0.3,0,0.3,bigram
hu-uh-tah-ša,um-me,0.3,0,0.3,bigram
hu-uh-tah-ša,u2,0.3,0,0.3,bigram
hu-uh-tah,u2,0.3,0,0.3,bigram
ha-li-ih,hu-uh-tah,0.3,0,0.3,bigram
ha-li-ih,si-a-an-ku-uk,0.3,0,0.3,bigram
si-a-ku-uk,te-ip-ti,0.3,0,0.3,bigram
la-ha-ak-ir-ra,si-a-ku-uk,0.3,0,0.3,bigram
tu4-ni-ih,u2,0.3,0,0.3,bigram
la-ha-ak-ir-ra,si-ia-an-ku-uk,0.3,0,0.3,bigram
li-na,u2,0.3,0,0.3,bigram
im-me,ku-ši-ih-ši-ma,0.3,0,0.3,bigram
ku-ši-ih-ši-ma,u2,0.3,0,0.3,bigram
(d)na-ap-ra-te-ip-me,si-ia-an,0.3,0,0.3,bigram
(d)na-ap-ra-te-ip-me,u2-pa-at,0.3,0,0.3,bigram
[…],ka,0.3,0,0.3,bigram
(d)na-ah-hu-un-te,šu-šu-un-ka,0.3,0,0.3,bigram
(d)na-ah-hu-un-te,ku-ul-la-an-ka,0.3,0,0.3,bigram
(md)hu-ban-um-me-en-na-ki,ša-ak,0.3,0,0.3,bigram
(md)hu-ban-um-me-en-na-ki,su-un-ki-ik,0.3,0,0.3,bigram
si-ia-an-ku-uk,ul-lu-ru-uk,0.3,0,0.3,bigram
[…]-ti-ia,a-ak,0.3,0,0.3,bigram
(d)u2-pur-ku-pa-ak,u2-me,0.3,0,0.3,bigram
[(d)in]-šu-uš-na-ak,[…],0.3,0,0.3,bigram
tu4-ni-ih,un,0.3,0,0.3,bigram
(d)30,ku-ši-ih,0.3,0,0.3,bigram
(d)30,la-an-si-ti-ir-ra,0.3,0,0.3,bigram
(d)30,u2-me,0.3,0,0.3,bigram
(d)30,si-ia-an-ku-uk-ra,0.3,0,0.3,bigram
(d)u2-pur-ku-pa-ak,a-gi,0.3,0,0.3,bigram
ha-li-ik,hu-ut-ta-ak,0.3,0,0.3,bigram
ha-li-ik,u2-me,0.3,0,0.3,bigram
(m)un-taš-dingir-gal-ki,ru-tu4,0.3,0,0.3,bigram
ak-ka,hu-tu4-un-ra,0.3,0,0.3,bigram
DINGIR-GAL,me-lu-uk-ra,0.15,0,0.15,bigram
DINGIR-GAL,a-ak,0.15,0,0.15,bigram
hi-ih-li,su-un-ki-ir,0.15,0,0.15,bigram
pi-ti-ir,su-un-ki-ir,0.15,0,0.15,bigram
a-ak,ta-ri-ir,0.15,0,0.15,bigram
ak-ka,ta-ri-ir,0.15,0,0.15,bigram
ha-at-ta-an-ra,me-el-ka-an-ra,0.15,0,0.15,bigram
a-ak,ha-at-ta-an-ra,0.15,0,0.15,bigram
a-ak,la-an-si-ti-e,0.15,0,0.15,bigram
du-un-ra,la-an-si-ti-e,0.15,0,0.15,bigram
a-ak,du-un-ra,0.15,0,0.15,bigram
(m)un-taš-dingir-gal-me,su-ku-ša-ak,0.15,0,0.15,bigram
i-me-ni,su-ku-ša-ak,0.15,0,0.15,bigram
a-ha-ar,i-me-ni,0.15,0,0.15,bigram
ha-at,ta-an-ra,0.15,0,0.15,bigram
a-ni,i,0.15,0,0.15,bigram
i,ku-tu4-un,0.15,0,0.15,bigram
ku-tu4-un,su-un-ki-ir,0.15,0,0.15,bigram
ha-ta-am-ti-ir,su-un-ki-ir,0.15,0,0.15,bigram
an-ka,ha-ta-am-ti-ir,0.15,0,0.15,bigram
an-ka,ru-ri-na,0.15,0,0.15,bigram
a-ak,ru-ri-na,0.15,0,0.15,bigram
a-ak,mi-ši-ma-na,0.15,0,0.15,bigram
ku-ur-ru,mi-ši-ma-na,0.15,0,0.15,bigram
ku-du-ni,ku-ur-ru,0.15,0,0.15,bigram
a-ak,ku-du-ni,0.15,0,0.15,bigram
(m)un-taš-dingir-gal-me,a-ha,0.15,0,0.15,bigram
a-ha,ta-aš2-ni,0.15,0,0.15,bigram
ul-hi,šu-šu-un-ka,0.15,0,0.15,bigram
i,la-ni-ia,0.15,0,0.15,bigram
ku-ši-ih,la-ni-ia,0.15,0,0.15,bigram
ku-ši-ih-ma,si-ia-an,0.15,0,0.15,bigram
ak-ka,hi-ih-li,0.15,0,0.15,bigram
ak-ka,ul-hi,0.15,0,0.15,bigram
i,me-el-ka-an-ra,0.15,0,0.15,bigram
a-ak,me-el-ka-an-ra,0.15,0,0.15,bigram
a-ak,u2-pa-ti-pi,0.15,0,0.15,bigram
la-ni-e,u2-pa-ti-pi,0.15,0,0.15,bigram
la-ni-e,pa-ka-an-ra,0.15,0,0.15,bigram
ha-at,pa-ka-an-ra,0.15,0,0.15,bigram
(d)in-šu-uš-na-ak,si-ia-an-ku-uk-pa-ri,0.15,0,0.15,bigram
u2,un-taš-dingir-gal,0.15,0,0.15,bigram
un-taš-dingir-gal,ša-ak,0.15,0,0.15,bigram
(d)hu-ban-nu-me-na-gi,ša-ak,0.15,0,0.15,bigram
(d)hu-ban-nu-me-na-gi,zu-un-ki-ik,0.15,0,0.15,bigram
ma-šu-um,šu-šu-un-ka,0.15,0,0.15,bigram
ma-šu-um,pi-it-te-ka,0.15,0,0.15,bigram
pi-it-te-ka,si-ia-an-ku-uk,0.15,0,0.15,bigram
ku-ši-ih,pi-el,0.15,0,0.15,bigram
a-gi,šu-un-šu-ir-pi,0.15,0,0.15,bigram
ku-ši-ih,šu-un-šu-ir-pi,0.15,0,0.15,bigram
(d)hu-ba-nu-me-en-na-ki,ša-ak,0.15,0,0.15,bigram
(d)hu-ba-nu-me-en-na-ki,su-un-ki-ik,0.15,0,0.15,bigram
u2-me,šu-lu-me-ka,0.15,0,0.15,bigram
az-ki-it,šu-lu-me-ka,0.15,0,0.15,bigram
hu-šu-a,sah-ri,0.15,0,0.15,bigram
hu-šu-a,in-gi,0.15,0,0.15,bigram
(d)ki-ri-ri-ša,ku-ši-ih,0.15,0,0.15,bigram
(d)ki-ri-ri-ša,si-a-an-ku-uk-ra,0.15,0,0.15,bigram
(d)ki-ri-ri-ša,li-na,0.15,0,0.15,bigram
(d)iš-ni-ka-ra-ab2,ku-ši-ih,0.15,0,0.15,bigram
(d)iš-ni-ka-ra-ab2,si-ia-an-ku-uk-ra,0.15,0,0.15,bigram
(d)hu-ban-nu-me-en-na-ki,ša-ak,0.15,0,0.15,bigram
(d)hu-ban-nu-me-en-na-ki,su-un-ki-ik,0.15,0,0.15,bigram
u2-me,šu-ul-lu-me-ka,0.15,0,0.15,bigram
az-ki-it,šu-ul-lu-me-ka,0.15,0,0.15,bigram
si-ia-an,ta-li-in,0.15,0,0.15,bigram
ku-ši-ih,ta-li-in,0.15,0,0.15,bigram
1,du-ni-ih,0.15,0,0.15,bigram
1,šu-uh-tir,0.15,0,0.15,bigram
ir,šu-uh-tir,0.15,0,0.15,bigram
ir,ta-ah,0.15,0,0.15,bigram
hu-ut-tak-ha-li-ik,ta-ah,0.15,0,0.15,bigram
dingir-gal,ul-li-na,0.15,0,0.15,bigram
a-lu-mi-im-ma,si-ia-an,0.15,0,0.15,bigram
a-lu-mi-im-ma,u2-pa-at,0.15,0,0.15,bigram
si-ia-an,si-li-in,0.15,0,0.15,bigram
si-li-in,u2-pa-at,0.15,0,0.15,bigram
(d)ša-la,in,0.15,0,0.15,bigram
ki-ni-in,si-ia-an,0.15,0,0.15,bigram
ki-ni-in,u2-pa-at,0.15,0,0.15,bigram
(d)nin-a-li,in,0.15,0,0.15,bigram
si-ir-ha-al-te,šu-šu-un-ka,0.15,0,0.15,bigram
si-ir-ha-al-te,u2-pa-at,0.15,0,0.15,bigram
(d)na-ap-ra-te-ip,nu-ul-ki-ip-pi,0.15,0,0.15,bigram
in,nu-ul-ki-ip-pi,0.15,0,0.15,bigram
(d)pi-ni-gìr,ku-ši-ih,0.15,0,0.15,bigram
(d)pi-ni-gìr,la-an-si-ti-ir,0.15,0,0.15,bigram
a-ha-ar,la-an-si-ti-ir,0.15,0,0.15,bigram
(d)pi-ni-gir3,u2-me,0.15,0,0.15,bigram
(d)pi-ni-gir3,si-ia-an-ku-uk-ra,0.15,0,0.15,bigram
hu-ni-in,si-ia-an,0.15,0,0.15,bigram
hu-ni-in,u2-pa-at,0.15,0,0.15,bigram
(d)ru-hu-ra-te-ir,in,0.15,0,0.15,bigram
(d)hu-ban-um-me-en-na-ki,zu-un-ki-ik,0.15,0,0.15,bigram
tu4-uš,šu-šu-un-ka,0.15,0,0.15,bigram
pi-it-te-ka,tu4-uš,0.15,0,0.15,bigram
ap-pa,pi-it-te-ka,0.15,0,0.15,bigram
a-gi,hu-ut-tah-ša,0.15,0,0.15,bigram
a-gi,me-en-pu,0.15,0,0.15,bigram
ap-pa,me-en-pu,0.15,0,0.15,bigram
ap-pa,im-me,0.15,0,0.15,bigram
hu,ku-ši-ih,0.15,0,0.15,bigram
hu,si-ia-ni-me,0.15,0,0.15,bigram
ku-uk-ši-ih,si-ia-ni-me,0.15,0,0.15,bigram
hu-uh-ni-me,ku-uk-ši-ih,0.15,0,0.15,bigram
hu-uh-ni-me,hu-ul-pa-ah,0.15,0,0.15,bigram
hu-ul-pa-ah,ku-du-ma,0.15,0,0.15,bigram
a-ak,ku-du-ma,0.15,0,0.15,bigram
a-ak,pi-tu4-ma,0.15,0,0.15,bigram
pi-tu4-ma,u2,0.15,0,0.15,bigram
ki-ik-ki-ti-ih,zig-ra-tu4-me,0.15,0,0.15,bigram
(d)in-šu-uš-na-ak,ki-ik-ki-ti-ih,0.15,0,0.15,bigram
si-ia-an-ku-uk-ra,te-ip-ti,0.15,0,0.15,bigram
ip-il-la-ti,šu-šu-un-ka,0.15,0,0.15,bigram
ip-il-la-ti,ku-ši-ih,0.15,0,0.15,bigram
ku-ši-ih,ta-ak-me,0.15,0,0.15,bigram
az-ki-[it],u2-me,0.15,0,0.15,bigram
az-ki-[it],tu4-ur,0.15,0,0.15,bigram
hu-šu-ia,za-ah-ri,0.15,0,0.15,bigram
ia-ak,in-ti-ik-ka,0.15,0,0.15,bigram
[ip-il-la-ti],ia-ak,0.15,0,0.15,bigram
[ip-il-la-ti],ku-ši-ih,0.15,0,0.15,bigram
du-ni-ih,hu-ut-ta-ak-[ha-li-ik],0.15,0,0.15,bigram
hu-ut-ta-ak-[ha-li-ik],u2-me,0.15,0,0.15,bigram
(d)in-šu-ši-na-ak,dingir-gal,0.15,0,0.15,bigram
(d)PA.TUG2,a-ak,0.15,0,0.15,bigram
(d)PA.TUG2,si-ia-an-ku-uk-pa,0.15,0,0.15,bigram
a-gi,tuš,0.15,0,0.15,bigram
10,tuš,0.15,0,0.15,bigram
10,kuš3,0.15,0,0.15,bigram
ku-ši-ih,kuš3,0.15,0,0.15,bigram
(d)PA.TUG2,si-a-an-ku-uk-ra,0.15,0,0.15,bigram
(d)[hu]-um-ban-nu-me-na-gi,ša-ak,0.15,0,0.15,bigram
(d)[hu]-um-ban-nu-me-na-gi,su-un-ki-ik,0.15,0,0.15,bigram
[in-ti]-ik-ka,hi-en-ka,0.15,0,0.15,bigram
[a]-gi,[in-ti]-ik-ka,0.15,0,0.15,bigram
[a]-gi,si-ia-an,0.15,0,0.15,bigram
(d)ki-ri-ri-ša-me,si-ia-an,0.15,0,0.15,bigram
(d)ki-ri-ri-ša-me,ki-iš-tu4-um-ma,0.15,0,0.15,bigram
[ku-ši-ih],ki-iš-tu4-um-ma,0.15,0,0.15,bigram
(d)ki-{ri-ri}-ša,[ku-ši-ih],0.15,0,0.15,bigram
(d)ki-{ri-ri}-ša,du-ni-ih,0.15,0,0.15,bigram
(d)ki-ri-ri-ša,si-[ia-an-ku]-uk-[ra,0.15,0,0.15,bigram
li-na],si-[ia-an-ku]-uk-[ra,0.15,0,0.15,bigram
li-na],te-[la-ak-ni],0.15,0,0.15,bigram
hi-ih,zi-it-im-ma,0.15,0,0.15,bigram
hi-en-ka,zi-it-im-ma,0.15,0,0.15,bigram
(d)zu-un-ki-ir-ri-ša-ar-ra-me,si-ia-an,0.15,0,0.15,bigram
(d)zu-un-ki-ir-ri-ša-ar-ra-me,ri-e-ru-um-ma,0.15,0,0.15,bigram
ku-ši-ih,ri-e-ru-um-ma,0.15,0,0.15,bigram
(d)zu-un-ki-ir-ri-ša-ar-ra,u2-me,0.15,0,0.15,bigram
(d)zu-un-ki-ir-ri-ša-ar-ra,li-na,0.15,0,0.15,bigram
(md)hu-um-[ban-nu-me-na-gi,ša-ak,0.15,0,0.15,bigram
(md)hu-um-[ban-nu-me-na-gi,zu-un-ki-ik,0.15,0,0.15,bigram
an-za-an],zu-un-ki-ik,0.15,0,0.15,bigram
an-za-an],šu-šu-un-ka,0.15,0,0.15,bigram
li-mi-in,si-ia-an,0.15,0,0.15,bigram
ku-[ši-ih,li-mi-in,0.15,0,0.15,bigram
(d)ki-la-ah-šu-pi-ir,ku-[ši-ih,0.15,0,0.15,bigram
(d)ki-la-ah-šu-pi-ir,li-mi-in-ra],0.15,0,0.15,bigram
li-mi-in-ra],si-ia-an-ku-uk-ra,0.15,0,0.15,bigram
du-ni-ih,hu-ut2-tak-[ha-li-ik,0.15,0,0.15,bigram
hu-ut2-tak-[ha-li-ik,u2-me,0.15,0,0.15,bigram
(d)ki-la-ah-šu-pi-ir],u2-me,0.15,0,0.15,bigram
(d)ki-la-ah-šu-pi-ir],li-mi-in-ra,0.15,0,0.15,bigram
li-mi-in-ra,li-na,0.15,0,0.15,bigram
pi-[el,te-la-ak-ni,0.15,0,0.15,bigram
ki-it-ti-im-ma,pi-[el,0.15,0,0.15,bigram
me-lu-uk-ra],na-a,0.15,0,0.15,bigram
a-ak,me-lu-uk-ra],0.15,0,0.15,bigram
a-ak,su-un-ki-me,0.15,0,0.15,bigram
[si-it-tim,hi-ih,0.15,0,0.15,bigram
[si-it-tim,gi-ri-ni,0.15,0,0.15,bigram
hi-ih-ni],in,0.15,0,0.15,bigram
[su]-un-ki-ik,[…]-nu-me-na-gi,0.15,0,0.15,bigram
[su]-un-ki-ik,a[n-za]-an,0.15,0,0.15,bigram
a[n-za]-an,šu-šu-un-ka,0.15,0,0.15,bigram
[…]-ih-ma,šu-šu-un-ka,0.15,0,0.15,bigram
[…]-ih-ma,si-ia-an,0.15,0,0.15,bigram
(d)kir-ma-sir-me,si-ia-an,0.15,0,0.15,bigram
(d)kir-ma-sir-me,ku-ši-ih,0.15,0,0.15,bigram
[…]-ar-na,ku-ši-ih,0.15,0,0.15,bigram
[…]-ar-na,a-ak,0.15,0,0.15,bigram
a-ak,ta?-du?-ra-na,0.15,0,0.15,bigram
(d)in-šu-ši-na-ak,ta?-du?-ra-na,0.15,0,0.15,bigram
(d)in-šu-ši-na-ak,[…],0.15,0,0.15,bigram
[…],ha-du,0.15,0,0.15,bigram
ha-du,hu-ut2-tak,0.15,0,0.15,bigram
[…]-pi,hu-ut2-tak,0.15,0,0.15,bigram
[…]-pi,a-ak,0.15,0,0.15,bigram
a-ak,la-an-gi-el-li,0.15,0,0.15,bigram
[…]-ak,la-an-gi-el-li,0.15,0,0.15,bigram
[…]-ak,hu-pi-e,0.15,0,0.15,bigram
a-ha,hu-pi-e,0.15,0,0.15,bigram
a-ha,du-[…]h-pi,0.15,0,0.15,bigram
du-[…]h-pi,hu-ut2-tak?-ha?-[…],0.15,0,0.15,bigram
(d)in-šu-ši-na-ak,hu-ut2-tak?-ha?-[…],0.15,0,0.15,bigram
[…],si-ia-an,0.15,0,0.15,bigram
[…],li-na,0.15,0,0.15,bigram
li-na,te-la-ak-[ni],0.15,0,0.15,bigram
ha-al-ma-šu-um,šu-šu-un-ka,0.15,0,0.15,bigram
ha-al-ma-šu-um,pi-it-te-ga,0.15,0,0.15,bigram
a-al,pi-it-te-ga,0.15,0,0.15,bigram
a-ha,si-ia-an-ku-uk,0.15,0,0.15,bigram
hu-hu-un,ku-du-um-ma,0.15,0,0.15,bigram
a-ak,ku-du-um-ma,0.15,0,0.15,bigram
a-ak,pi-tu4-um-ma,0.15,0,0.15,bigram
in,pi-tu4-um-ma,0.15,0,0.15,bigram
ku-ku-un-nu-um,su-un-ki-ip,0.15,0,0.15,bigram
tu4-um-pa,šu-tu4-ur,0.15,0,0.15,bigram
dingir-gal,šu-tu4-ur,0.15,0,0.15,bigram
(d)in-šu-uš-na-ak,si-ia-an-ku-uk-pa-me,0.15,0,0.15,bigram
a-ha-an,si-ia-an-ku-uk-pa-me,0.15,0,0.15,bigram
a-ha-an,ni-im-ma,0.15,0,0.15,bigram
ha-al,ni-im-ma,0.15,0,0.15,bigram
ap-pa,ha-al,0.15,0,0.15,bigram
ku-ši-ha,lu-ub-bu-ru-uh-ni,0.15,0,0.15,bigram
hi-še,lu-ub-bu-ru-uh-ni,0.15,0,0.15,bigram
hi-še,i,0.15,0,0.15,bigram
a-bu-ul,i,0.15,0,0.15,bigram
a-bu-ul,mi-ša-ri,0.15,0,0.15,bigram
hi-i-še-e,mi-ša-ri,0.15,0,0.15,bigram
ak-ka,hi-i-še-e,0.15,0,0.15,bigram
ak-ka,hu-hu-un,0.15,0,0.15,bigram
hu-hu-un,si-ia-an-ku-uk-ma,0.15,0,0.15,bigram
ku-ta-a,si-ia-an-ku-uk-ma,0.15,0,0.15,bigram
a-ha-ar,ku-ta-a,0.15,0,0.15,bigram
a-ha-ar,li-in-ra,0.15,0,0.15,bigram
li-in-ra,tu4-ul-li-in,0.15,0,0.15,bigram
a-ha-ar,tu4-ul-li-in,0.15,0,0.15,bigram
ta-an-ra,u2-pa-ti-pi,0.15,0,0.15,bigram
du-ha-an-ra,u2-pa-ti-pi,0.15,0,0.15,bigram
du-ha-an-ra,ha-al-te-te,0.15,0,0.15,bigram
ha-al-te-te,lu-mu-un-ra,0.15,0,0.15,bigram
a-ak,lu-mu-un-ra,0.15,0,0.15,bigram
pi-ti-ir,ši-in-ni,0.15,0,0.15,bigram
ik-el,ši-in-ni,0.15,0,0.15,bigram
a-ha-ar,ik-el,0.15,0,0.15,bigram
a-ha-ar,tu4-um-pa-an-ra,0.15,0,0.15,bigram
ha-at,tu4-um-pa-an-ra,0.15,0,0.15,bigram
an-za-an,šu-šu-un,0.15,0,0.15,bigram
ha-al-ma-šu-um,šu-šu-un,0.15,0,0.15,bigram
ha-al-ma-šu-um,pi-it-te-ka,0.15,0,0.15,bigram
a-al,pi-it-te-ka,0.15,0,0.15,bigram
ku-ku-un-nu-um,ku-ši-ih,0.15,0,0.15,bigram
ku-ku-un-nu-um,la-an-si-di-ia,0.15,0,0.15,bigram
a-ha,la-an-si-di-ia,0.15,0,0.15,bigram
hu-hu-un,ki-du-um-ma,0.15,0,0.15,bigram
a-ak,ki-du-um-ma,0.15,0,0.15,bigram
a-ak,pi-du-um-ma,0.15,0,0.15,bigram
in,pi-du-um-ma,0.15,0,0.15,bigram
ku-ku-un-nu-um,zu-un-ki-ip,0.15,0,0.15,bigram
tu4-um-pa,šu-du-ur,0.15,0,0.15,bigram
dingir-gal-me,šu-du-ur,0.15,0,0.15,bigram
a-ak,dingir-gal-me,0.15,0,0.15,bigram
(d)in-šu-ši-na-ak-me,a-ak,0.15,0,0.15,bigram
(d)in-šu-ši-na-ak-me,a-ha,0.15,0,0.15,bigram
a-ha,ni-im-ma,0.15,0,0.15,bigram
ha-al-li,ni-im-ma,0.15,0,0.15,bigram
ap-pa,ha-al-li,0.15,0,0.15,bigram
ku-ši-ha,lu-bu-ru-uh,0.15,0,0.15,bigram
hi-el,lu-bu-ru-uh,0.15,0,0.15,bigram
hi-el,i,0.15,0,0.15,bigram
a-bu-ul-lu,i,0.15,0,0.15,bigram
a-bu-ul-lu,ša-qu-tu4,0.15,0,0.15,bigram
hi-i-še,ša-qu-tu4,0.15,0,0.15,bigram
ha-al,hi-i-še,0.15,0,0.15,bigram
ha-al,ha-ap-ti-iš,0.15,0,0.15,bigram
ha-ap-ti-iš,il-ki-ka,0.15,0,0.15,bigram
il-ki-ka,si-ia-an-ku-uk,0.15,0,0.15,bigram
si-ia-an-ku-uk,zu-uk-ma,0.15,0,0.15,bigram
im-me,zu-uk-ma,0.15,0,0.15,bigram
im-me,lu-pi-en,0.15,0,0.15,bigram
lu-pi-en,zu-lu-ka-ak,0.15,0,0.15,bigram
uk-ku-ma,zu-lu-ka-ak,0.15,0,0.15,bigram
hu-ma-ka-ak,uk-ku-ma,0.15,0,0.15,bigram
hu-ma-ka-ak,lu-pi-en,0.15,0,0.15,bigram
li-ik-ri-in,si-ia-an,0.15,0,0.15,bigram
ku-ši-ih,li-ik-ri-in,0.15,0,0.15,bigram
du-ni-ih,hu-sa-a,0.15,0,0.15,bigram
hu-sa-a,ša-ar-ra-na,0.15,0,0.15,bigram
a-ha-ar,ša-ar-ra-na,0.15,0,0.15,bigram
a-ha-ar,ka-da-an,0.15,0,0.15,bigram
ka-da-an,si-ti-i,0.15,0,0.15,bigram
a-ha-ar,si-ti-i,0.15,0,0.15,bigram
a-ha-ar,zu-uk-ka-an,0.15,0,0.15,bigram
hu-pi-e,zu-uk-ka-an,0.15,0,0.15,bigram
a-ha-ar,hu-pi-e,0.15,0,0.15,bigram
a-ha-ar,hu-ut-ta-an,0.15,0,0.15,bigram
a-bu-ul,šu-šu-un-ka,0.15,0,0.15,bigram
a-bu-ul,ki-nu-ni,0.15,0,0.15,bigram
ki-nu-ni,ku-ši-ih,0.15,0,0.15,bigram
az-ki-it,hu-šu-ut-ta,0.15,0,0.15,bigram
hu-šu-ut-ta,in-gi,0.15,0,0.15,bigram
(d)in-šu-uš-na-ak,in,0.15,0,0.15,bigram
(d)in-šu-uš-na-ak,il-li-na,0.15,0,0.15,bigram
il-li-na,te-la-ak-ni,0.15,0,0.15,bigram
hu-ban-nu-me-en-na-ki,ša-ak,0.15,0,0.15,bigram
hu-ban-nu-me-en-na-ki,su-un-ki-ik,0.15,0,0.15,bigram
hi-en-ga,in-di-ig-ga4,0.15,0,0.15,bigram
a-gi,in-di-ig-ga4,0.15,0,0.15,bigram
a-bu-ul,a-gi,0.15,0,0.15,bigram
a-bu-ul,gi-nu-ni,0.15,0,0.15,bigram
gi-nu-ni,ku-ši-ih,0.15,0,0.15,bigram
hi-en-ga,in-di-ig-ga2,0.15,0,0.15,bigram
a-gi,in-di-ig-ga2,0.15,0,0.15,bigram
(d)hi-iš-mi-di-ik,ku-ši-ih,0.15,0,0.15,bigram
(d)ru-hu-ra-tir,si-ia-an-ku-uk-ra,0.15,0,0.15,bigram
ha-di-en,tu4-ni-ih,0.15,0,0.15,bigram
ha-ap-ši,ha-di-en,0.15,0,0.15,bigram
ha-ap-ši,ir,0.15,0,0.15,bigram
ir,su-kar-tah,0.15,0,0.15,bigram
hu-ut-tak-ha-li-ik,su-kar-tah,0.15,0,0.15,bigram
(d)hi-iš-mi-di-ik,u2-me,0.15,0,0.15,bigram
(d)ru-hu-ra-tir,ul-li-na6,0.15,0,0.15,bigram
te-la-ak-ni,ul-li-na6,0.15,0,0.15,bigram
(d)hu-um-ban-um-me-en-na-ki,ša-ak,0.15,0,0.15,bigram
(d)hu-um-ban-um-me-en-na-ki,su-un-ki-ik,0.15,0,0.15,bigram
(d)hu-um-ban-me,si-a-an,0.15,0,0.15,bigram
(d)hu-um-ban-me,u2-pa-at,0.15,0,0.15,bigram
(d)hu-um-ban,ku-ši-ih,0.15,0,0.15,bigram
(d)hu-um-ban,si-a-an-ku-uk-ra,0.15,0,0.15,bigram
(d)hu-um-ban,u2-me,0.15,0,0.15,bigram
(d)hu-um-ban,ul-li-na,0.15,0,0.15,bigram
(m)hu-ban-nu-me-na-ki,su-un-ki-ik,0.15,0,0.15,bigram
(d)na-bi-um,ku-ši-ih,0.15,0,0.15,bigram
(d)na-bi-um,si-ia-an-ku-uk-ra,0.15,0,0.15,bigram
(d)na-bi-um,u2-me,0.15,0,0.15,bigram
(d)na-bi-um,ul-li-na,0.15,0,0.15,bigram
(m)hu-ban-nu-me-na-ki,zu-un-ki-ik,0.15,0,0.15,bigram
hi-ih2,tu4-ur,0.15,0,0.15,bigram
hi-ih2,si-it-me,0.15,0,0.15,bigram
a-ak,in-di-ig-ga,0.15,0,0.15,bigram
a-ak,si-ia-an,0.15,0,0.15,bigram
mu-ur-ti,šu-šu-un-ka,0.15,0,0.15,bigram
ip-il-la-ti-ma,mu-ur-ti,0.15,0,0.15,bigram
ip-il-la-ti-ma,ku-ši-ih,0.15,0,0.15,bigram
(d)PA.TUG2,li-li-ra,0.15,0,0.15,bigram
ha-al,li-li-ra,0.15,0,0.15,bigram
ha-al,ha-ap-pa-ti-iš,0.15,0,0.15,bigram
ha-ap-pa-ti-iš,pa-ap-pa-ra-na,0.15,0,0.15,bigram
(m)un-taš-dingir-gal,pa-ap-pa-ra-na,0.15,0,0.15,bigram
(m)un-taš-dingir-gal,uk-ku-ri,0.15,0,0.15,bigram
ir,mu-ur-ta-an-ra,0.15,0,0.15,bigram
hu-ut-tak-ha-li-ik,mu-ur-ta-an-ra,0.15,0,0.15,bigram
(d)PA.TUG2,li-na,0.15,0,0.15,bigram
(d)in-na-na,si-ia-an,0.15,0,0.15,bigram
ap-pu-ki-me,be-el-ti,0.15,0,0.15,bigram
ap-pu-ki-me,ku-ši-ih,0.15,0,0.15,bigram
(d)in-na-na,ku-ši-ih,0.15,0,0.15,bigram
ap-pu-ki-i,be-el-ti,0.15,0,0.15,bigram
ap-pu-ki-i,ir,0.15,0,0.15,bigram
hu-pi-e,mu-ur-tah,0.15,0,0.15,bigram
hu-pi-e,pi-ip-ši-ia,0.15,0,0.15,bigram
pi-ip-li-ih,pi-ip-ši-ia,0.15,0,0.15,bigram
hu-ut-ta-ak-ha-li-ik,pi-ip-li-ih,0.15,0,0.15,bigram
li-ni-en,u2-me,0.15,0,0.15,bigram
li-ni-en,te-la-ak-ni,0.15,0,0.15,bigram
(md)hu-um-ban-um-me-na-gi,ša-ak,0.15,0,0.15,bigram
(md)hu-um-ban-um-me-na-gi,su-un-ki-ik,0.15,0,0.15,bigram
pu-uk-ši,šu-šu-un-ka,0.15,0,0.15,bigram
pu-uk-ši,ta-ak-ki-ip-pi,0.15,0,0.15,bigram
ta-ak-ki-ip-pi,u2-pa-at,0.15,0,0.15,bigram
(d)su-un-ki-ir-ri-ša-ar-ra,ku-ši-ih,0.15,0,0.15,bigram
(d)su-un-ki-ir-ri-ša-ar-ra,in,0.15,0,0.15,bigram
(d)nin-e2-gal,ku-ši-ih,0.15,0,0.15,bigram
(d)nin-e2-gal,si-a-an-ku-uk-ra,0.15,0,0.15,bigram
(d)nin-e2-gal,u2-me,0.15,0,0.15,bigram
(d)nin-e2-gal,ul-li-na,0.15,0,0.15,bigram
(d)hu-ban-[um]-me-na-ki,ša-ak,0.15,0,0.15,bigram
(d)hu-ban-[um]-me-na-ki,su-un-ki-ik,0.15,0,0.15,bigram
hi-ih,tu4-[ur],0.15,0,0.15,bigram
(d)ma-an-za-at,ku-ši-ih,0.15,0,0.15,bigram
(d)ma-an-za-at,si-a-an-ku-uk-ra,0.15,0,0.15,bigram
e[l?-x-x]-at-tu4,tu4-ni-ih,0.15,0,0.15,bigram
e[l?-x-x]-at-tu4,ir,0.15,0,0.15,bigram
a-ha-ar,hi?-[…],0.15,0,0.15,bigram
h[u-ut-tak-h]a-li-ik,hi?-[…],0.15,0,0.15,bigram
h[u-ut-tak-h]a-li-ik,u2-me,0.15,0,0.15,bigram
(d)ma-an-za-at,u2-me,0.15,0,0.15,bigram
(d)ma-an-za-at,ul-li-na,0.15,0,0.15,bigram
(d)ši-ia-šu-um,ku-ši-ih,0.15,0,0.15,bigram
(d)ši-ia-šu-um,u2-me,0.15,0,0.15,bigram
(d)da-mu-si,si-ia-an,0.15,0,0.15,bigram
(d)da-mu-si,a-ak,0.15,0,0.15,bigram
(d)be-li-li-me,a-ak,0.15,0,0.15,bigram
(d)be-li-li-me,ku-ši-ih,0.15,0,0.15,bigram
a-pu-un,ku-ši-ih,0.15,0,0.15,bigram
a-ha-an,mu-ur-ta-ah,0.15,0,0.15,bigram
hu-pi-e,mu-ur-ta-ah,0.15,0,0.15,bigram
a-pi-me,hu-pi-e,0.15,0,0.15,bigram
a-pi-me,pi-ip-ši-ia,0.15,0,0.15,bigram
pi-ip-ši-ia,ta-at-ta-ah,0.15,0,0.15,bigram
hu-ut-ta-ak-ha-li-ik,ta-at-ta-ah,0.15,0,0.15,bigram
(m)un-taš-dingir-gal,[u2,0.15,0,0.15,bigram
(md)hu-um-ban-nu-me]-na-gi,ša-ak,0.15,0,0.15,bigram
(md)hu-um-ban-nu-me]-na-gi,zu-un-ki-ik,0.15,0,0.15,bigram
[šu-šu-un-ka,an-za-an,0.15,0,0.15,bigram
[šu-šu-un-ka,si-ia-an,0.15,0,0.15,bigram
si-ia-an,u2-pa-at],0.15,0,0.15,bigram
hu-us-si-ip-me,u2-pa-at],0.15,0,0.15,bigram
(d)ki-la-ah-šu-pi-ir,ku-ši-ih,0.15,0,0.15,bigram
(d)ki-la-ah-šu-pi-ir,[li-mi-in-ra,0.15,0,0.15,bigram
[li-mi-in-ra,du-ni-ih,0.15,0,0.15,bigram
du-ni-ih,hu-ut2-tak-ha-li]-ik,0.15,0,0.15,bigram
hu-ut2-tak-ha-li]-ik,u2-me,0.15,0,0.15,bigram
(d)ki-la-ah-šu-pi-ir,u2-me,0.15,0,0.15,bigram
(d)ki-la-ah-šu-pi-ir,si-ia-an-[ku-uk-ra,0.15,0,0.15,bigram
li-na,si-ia-an-[ku-uk-ra,0.15,0,0.15,bigram
pi-el],te-la-ak-ni,0.15,0,0.15,bigram
ki-it-ti-im-ma,pi-el],0.15,0,0.15,bigram
[a-ak,me-lu-uk-ra,0.15,0,0.15,bigram
[a-ak,zu-un-ki-me,0.15,0,0.15,bigram
hi-ih,si]-it-tim,0.15,0,0.15,bigram
gi-ri-ni,si]-it-tim,0.15,0,0.15,bigram
hi-ih-ni,in,0.15,0,0.15,bigram
(m)un-t[aš]-dingir-gal,u2,0.15,0,0.15,bigram
(m)un-t[aš]-dingir-gal,ša-ak,0.15,0,0.15,bigram
[…],ša-ak,0.15,0,0.15,bigram
[…],su-un-ki-i[k],0.15,0,0.15,bigram
an-za-an,su-un-ki-i[k],0.15,0,0.15,bigram
an-za-an,š[u-šu-un-ka,0.15,0,0.15,bigram
[…],š[u-šu-un-ka,0.15,0,0.15,bigram
[…],li?-ki?-ri?-en?,0.15,0,0.15,bigram
ku-ši-ih,li?-ki?-ri?-en?,0.15,0,0.15,bigram
(d)[…],ku-ši-ih,0.15,0,0.15,bigram
(d)[…],[h]a-li-ik,0.15,0,0.15,bigram
[h]a-li-ik,u2-me,0.15,0,0.15,bigram
e,u2-me,0.15,0,0.15,bigram
(d)[…,e,0.15,0,0.15,bigram
(d)[…,],0.15,0,0.15,bigram
ki?-iz?-zu-um,šu-šu-un-ka,0.15,0,0.15,bigram
ki?-iz?-zu-um,mu-ši-a,0.15,0,0.15,bigram
su-un-ki-ip,u2-ri-[pu]-up,0.15,0,0.15,bigram
u2-ri-[pu]-up,um-me,0.15,0,0.15,bigram
[ri?]-mu-um,si-a-an-ku-uk,0.15,0,0.15,bigram
[ri?]-mu-um,la-am-li-e-ma,0.15,0,0.15,bigram
la-am-li-e-ma,zu-uz-ka-tah,0.15,0,0.15,bigram
(d)in-šu-uš-na-ak,zu-uz-ka-tah,0.15,0,0.15,bigram
ta-ak-[me],tu4-ni-ih,0.15,0,0.15,bigram
ta-ak-[me],u2-me,0.15,0,0.15,bigram
[šu]-lu-me-en-[ga],u2-me,0.15,0,0.15,bigram
[šu]-lu-me-en-[ga],az-ki-it,0.15,0,0.15,bigram
sa-ah-ri,tu4-ur,0.15,0,0.15,bigram
hu-šu-ia,sa-ah-ri,0.15,0,0.15,bigram
hi-en-ka,in-ti-ig-ga,0.15,0,0.15,bigram
[a-gi],in-ti-ig-ga,0.15,0,0.15,bigram
[a-gi],hu-[ut-tah],0.15,0,0.15,bigram
ha-li-ih,hu-[ut-tah],0.15,0,0.15,bigram
(d)in-šu-uš-na-ak,ha-li-ih,0.15,0,0.15,bigram
si-ia-an-ku-uk,te-ip-ti,0.15,0,0.15,bigram
[u2],la-ha-ak-ir-ra,0.15,0,0.15,bigram
[u2],tu4-ni-ih,0.15,0,0.15,bigram
[si]-ia-an-ku-uk,te-ip-ti,0.15,0,0.15,bigram
[si]-ia-an-ku-uk,la-ha-ak-ir-ra,0.15,0,0.15,bigram
li-na,te-la-ak-li,0.15,0,0.15,bigram
[…]-a,zu-u[n-ki-ip],0.15,0,0.15,bigram
[u2-r]i-pu-up,zu-u[n-ki-ip],0.15,0,0.15,bigram
[u2-r]i-pu-up,um-me,0.15,0,0.15,bigram
hu-uh-[tah-ša],um-me,0.15,0,0.15,bigram
[u2,hu-uh-[tah-ša],0.15,0,0.15,bigram
[u2,hu]-uh-tah,0.15,0,0.15,bigram
ha-li-[ih,hu]-uh-tah,0.15,0,0.15,bigram
ha-li-[ih,si-a-an-ku-uk],0.15,0,0.15,bigram
[ri?-im?]-mu-u[m,si-a-an-ku-uk],0.15,0,0.15,bigram
[ri?-im?]-mu-u[m,la-am]-li-[e-ma,0.15,0,0.15,bigram
la-am]-li-[e-ma,su-us-ka-ta]h,0.15,0,0.15,bigram
(d)in-šu-[uš]-na-ak,su-us-ka-ta]h,0.15,0,0.15,bigram
(d)in-šu-[uš]-na-ak,te-ip-[ti],0.15,0,0.15,bigram
si-ia-an-ku-[uk],te-ip-[ti],0.15,0,0.15,bigram
la-[ha]-ak-[ir]-ra,si-ia-an-ku-[uk],0.15,0,0.15,bigram
la-[ha]-ak-[ir]-ra,tu4-ni-ih,0.15,0,0.15,bigram
ta-[ak]-me,tu4-ni-ih,0.15,0,0.15,bigram
ta-[ak]-me,u2-me,0.15,0,0.15,bigram
[hi-ih,tu4-[ur],0.15,0,0.15,bigram
[hi-ih,si-it-me],0.15,0,0.15,bigram
si-it-me],u2-[me,0.15,0,0.15,bigram
in]-ti-ig-[ga],u2-[me,0.15,0,0.15,bigram
a-gi,in]-ti-ig-[ga],0.15,0,0.15,bigram
[az-ki-it,a-gi,0.15,0,0.15,bigram
[az-ki-it,tu4-ur,0.15,0,0.15,bigram
sah]-ri,tu4-ur,0.15,0,0.15,bigram
[hu]-šu-ia,sah]-ri,0.15,0,0.15,bigram
[hu]-šu-ia,in-gi,0.15,0,0.15,bigram
hi-[en-g]a,in-gi,0.15,0,0.15,bigram
hi-[en-g]a,in-ti-[ig]-ga,0.15,0,0.15,bigram
[hu]-ut2-tah,in-ti-[ig]-ga,0.15,0,0.15,bigram
[hu]-ut2-tah,ha-li-ih,0.15,0,0.15,bigram
(d)in-šu-uš-n[a-ak],ha-li-ih,0.15,0,0.15,bigram
(d)in-šu-uš-n[a-ak],[t]e-ip-ti,0.15,0,0.15,bigram
[t]e-ip-ti,si-ia-an-ku-uk-ra,0.15,0,0.15,bigram
[la-ha-ak-ir-ra],si-ia-an-ku-uk-ra,0.15,0,0.15,bigram
[la-ha-ak-ir-ra],u2,0.15,0,0.15,bigram
du-ni-[ih,u2,0.15,0,0.15,bigram
du-ni-[ih,hu-ut2-tak-ha]-li-[ik,0.15,0,0.15,bigram
hu-ut2-tak-ha]-li-[ik,u2-me,0.15,0,0.15,bigram
dingir-gal],u2-me,0.15,0,0.15,bigram
(d)in-šu-uš-n[a-ak,dingir-gal],0.15,0,0.15,bigram
(d)in-šu-uš-n[a-ak,te-ip-ti],0.15,0,0.15,bigram
[si-i-an]-ku-uk,te-ip-ti],0.15,0,0.15,bigram
[la-ha-ak-ir-ra,[si-i-an]-ku-uk,0.15,0,0.15,bigram
[la-ha-ak-ir-ra,li-na,0.15,0,0.15,bigram
li-na,t]e-la-[ak]-li,0.15,0,0.15,bigram
(md)hu-um-ban-um-me-en-na-ki,ša-ak,0.15,0,0.15,bigram
(md)hu-um-ban-um-me-en-na-ki,su-un-ki-ik,0.15,0,0.15,bigram
[ki?]-zu-um,šu-šu-un-ka,0.15,0,0.15,bigram
[ki?]-zu-um,mu-ši-a,0.15,0,0.15,bigram
u2-ri-pu-pi,um-me,0.15,0,0.15,bigram
ri?-im?-um,si-a-an-ku-uk,0.15,0,0.15,bigram
la-am-li-e-ma,ri?-im?-um,0.15,0,0.15,bigram
la-am-li-e-ma,su-us-ka-tah,0.15,0,0.15,bigram
(d)in-šu-uš-na-ak,su-us-ka-tah,0.15,0,0.15,bigram
ia,la-ha-ak-ir-ra,0.15,0,0.15,bigram
ia,tu4-ni-ih,0.15,0,0.15,bigram
[hi]-ih,tu4-ur,0.15,0,0.15,bigram
[hi]-ih,si-it-me,0.15,0,0.15,bigram
u2-me,šu-lu-me-en-[ka],0.15,0,0.15,bigram
az-ki-it,šu-lu-me-en-[ka],0.15,0,0.15,bigram
sa-ah-[ri],tu4-ur,0.15,0,0.15,bigram
hu-šu-ia,sa-ah-[ri],0.15,0,0.15,bigram
hi-en-ka,in-ti-ik-[ka],0.15,0,0.15,bigram
hu-ut2-tah-ha-li-ih,in-ti-ik-[ka],0.15,0,0.15,bigram
(d)in-šu-uš-na-ak,hu-ut2-tah-ha-li-ih,0.15,0,0.15,bigram
(d)in-šu-uš-na-ak,[te-ip]-ti,0.15,0,0.15,bigram
[te-ip]-ti,si-ia-an-ku-uk,0.15,0,0.15,bigram
[i],la-ha-ak-ir-ra,0.15,0,0.15,bigram
[i],tu4-ni-ih,0.15,0,0.15,bigram
[hu]-ut2-tak-ha-li-ik,tu4-ni-ih,0.15,0,0.15,bigram
[hu]-ut2-tak-ha-li-ik,u2-me,0.15,0,0.15,bigram
[dingir-gal],u2-me,0.15,0,0.15,bigram
(d)in-šu-uš-na-ak,[dingir-gal],0.15,0,0.15,bigram
si-a-an-ku-uk,te-ip-ti,0.15,0,0.15,bigram
la-ha-ak-ir-ra,si-a-an-ku-uk,0.15,0,0.15,bigram
zu-un-ki-ip,šu-šu-un-ka,0.15,0,0.15,bigram
si-ia-an,u2-ri-pu-pi,0.15,0,0.15,bigram
dingir-gal,im-me,0.15,0,0.15,bigram
ku-ši-ih,pu-uh-x-x,0.15,0,0.15,bigram
pu-uh-x-x,x-x,0.15,0,0.15,bigram
mu-ši-a,x-x,0.15,0,0.15,bigram
[hu]-uh-tah,mu-ši-a,0.15,0,0.15,bigram
[hu]-uh-tah,ap-pa,0.15,0,0.15,bigram
ap-pa,u2,0.15,0,0.15,bigram
(m)un-taš-dingir-gal,li-gi-e,0.15,0,0.15,bigram
li-gi-e,mu-ši-it-ta,0.15,0,0.15,bigram
hu-uh-tah,mu-ši-it-ta,0.15,0,0.15,bigram
(d)iš-ni-ka-ra-ab,hu-uh-tah,0.15,0,0.15,bigram
(d)iš-ni-ka-ra-ab,si-ia-an-ku-uk-ra,0.15,0,0.15,bigram
id,si-ia-an-ku-uk-ra,0.15,0,0.15,bigram
du-ni-ih,id,0.15,0,0.15,bigram
(d)in-šu-ši-na-ak,du-ni-ih,0.15,0,0.15,bigram
(d)in-šu-ši-na-ak,lu-be-en,0.15,0,0.15,bigram
li-e,lu-be-en,0.15,0,0.15,bigram
li-e,li-en-ra,0.15,0,0.15,bigram
[ur(?),li-en-ra,0.15,0,0.15,bigram
[ur(?),in(?)],0.15,0,0.15,bigram
in(?)],tu4-ru-uš-ni-e,0.15,0,0.15,bigram
(husa)tukul-har-sag,šu-šu-un-ka,0.15,0,0.15,bigram
(husa)tukul-har-sag,la-an-si-ti-ih,0.15,0,0.15,bigram
hu-lu-uh,la-an-si-ti-ih,0.15,0,0.15,bigram
(d)pa-tug2,hu-lu-uh,0.15,0,0.15,bigram
(d)pa-tug2,si-a-an-ku-uk-ra,0.15,0,0.15,bigram
i,si-a-an-ku-uk-ra,0.15,0,0.15,bigram
i,tu4-ni-ih,0.15,0,0.15,bigram
ap-pa,ni,0.15,0,0.15,bigram
ap-pa,ar,0.15,0,0.15,bigram
[…],ar,0.15,0,0.15,bigram
[…],ša,0.15,0,0.15,bigram
a-pi,ša,0.15,0,0.15,bigram
a-pi,mu,0.15,0,0.15,bigram
[…],mu,0.15,0,0.15,bigram
[…],a,0.15,0,0.15,bigram
a,na,0.15,0,0.15,bigram
na,ri,0.15,0,0.15,bigram
ki,ri,0.15,0,0.15,bigram
[…],ki,0.15,0,0.15,bigram
[…],x-pa-lu,0.15,0,0.15,bigram
(m)ki-,x-pa-lu,0.15,0,0.15,bigram
(m)ki-,[…],0.15,0,0.15,bigram
hi-en-ka,in-di-ig-ga,0.15,0,0.15,bigram
hu-us-si-ip-me,ku-ku-un-nu-um,0.15,0,0.15,bigram
ku-ku-un-nu-um,up-kum-mi-ia,0.15,0,0.15,bigram
ku-ši-ih,up-kum-mi-ia,0.15,0,0.15,bigram
ki-ik-ki-te-eh,zig-ra-tu4-me,0.15,0,0.15,bigram
hu-ut-tak-ha-li-ik,ki-ik-ki-te-eh,0.15,0,0.15,bigram
a-aš2-ta2,šu-šu-un-ka,0.15,0,0.15,bigram
a-aš2-ta2,ku-ši-ih,0.15,0,0.15,bigram
(d)im,si-ia-an,0.15,0,0.15,bigram
(d)ša-la-me,a-ak,0.15,0,0.15,bigram
(d)ša-la-me,u2-pa-at,0.15,0,0.15,bigram
(d)ša-la,la-an-si-ti-ip-pa,0.15,0,0.15,bigram
(d)im,u2-me,0.15,0,0.15,bigram
(d)ša-la,si-ia-an-ku-uk-pa,0.15,0,0.15,bigram
(d)ši-mut,si-ia-an,0.15,0,0.15,bigram
(d)nin-a-li-me,a-ak,0.15,0,0.15,bigram
(d)nin-a-li-me,u2-pa-at,0.15,0,0.15,bigram
(d)nin-a-li,la-an-si-ti-ip-pa,0.15,0,0.15,bigram
(d)ši-mut,u2-me,0.15,0,0.15,bigram
(d)nin-a-li,si-ia-an-ku-uk-pa,0.15,0,0.15,bigram
(d)na-ap-ra-te-ip,la-an-si-ti-pa,0.15,0,0.15,bigram
a-pu-un,la-an-si-ti-pa,0.15,0,0.15,bigram
(d)na-ap-ra-te-ip,u2-me,0.15,0,0.15,bigram
(d)na-ap-ra-te-ip,si-ia-an-ku-uk-pa,0.15,0,0.15,bigram
si-ia-an-ku-uk-pa,ul-li-na,0.15,0,0.15,bigram
(d)hi-iš-mi-ti-ik2,si-ia-an,0.15,0,0.15,bigram
(d)hi-iš-mi-ti-ik2,a-ak,0.15,0,0.15,bigram
(d)ru-hu-ra-te-ir-me,a-ak,0.15,0,0.15,bigram
(d)ru-hu-ra-te-ir-me,u2-pa-at,0.15,0,0.15,bigram
(d)ru-hu-ra-te-ir,la-an-si-ti-ip-pa,0.15,0,0.15,bigram
(d)hi-iš-mi-ti-ik,u2-me,0.15,0,0.15,bigram
(d)ru-hu-ra-te-ir,si-ia-an-ku-uk-pa,0.15,0,0.15,bigram
(md)hu-ban-nu-me-na-ki,ša-ak,0.15,0,0.15,bigram
(md)hu-ban-nu-me-na-ki,su-un-ki-ik,0.15,0,0.15,bigram
nu-ur,šu-šu-un-ka,0.15,0,0.15,bigram
ki-ib-ra-at3,nu-ur,0.15,0,0.15,bigram
ki-ib-ra-at3,ku-ši-ih,0.15,0,0.15,bigram
(d)in-šu-uš-na-ak4,dingir-gal,0.15,0,0.15,bigram
(d)in-šu-uš-na-ak4,si-ia-an-ku-uk-ra,0.15,0,0.15,bigram
pi-el,šu-ul-lu-me-ga,0.15,0,0.15,bigram
ki-it-ti-ma,pi-el,0.15,0,0.15,bigram
ki-it-ti-ma,na,0.15,0,0.15,bigram
me-lu-uk-ra,na,0.15,0,0.15,bigram
hi-en-ga,me-lu-uk-ra,0.15,0,0.15,bigram
hi-en-ga,in-ti-ig-ga8,0.15,0,0.15,bigram
a-gi,in-ti-ig-ga8,0.15,0,0.15,bigram
a-gi,nu-ur,0.15,0,0.15,bigram
ki-ib-ra-at,nu-ur,0.15,0,0.15,bigram
ki-ib-ra-at,ku-ši-ih,0.15,0,0.15,bigram
ku-ši-ih-ma,ša-tu4-uh-ni,0.15,0,0.15,bigram
(d)na-ah-hu-un-te,ku-ši-ih,0.15,0,0.15,bigram
(d)na-ah-hu-un-te,la-an-si-ti-ir-ra,0.15,0,0.15,bigram
(d)na-ah-hu-un-te,u2-me,0.15,0,0.15,bigram
(d)na-ah-hu-un-te,si-ia-an-ku-uk-ra,0.15,0,0.15,bigram
tu4-ur-hi-ih,zu-un-ki-me,0.15,0,0.15,bigram
tu4-ur-hi-ih,zi-it-me,0.15,0,0.15,bigram
dingir-gal-me,si-ia-an,0.15,0,0.15,bigram
dingir-gal-me,ku-ši-ih,0.15,0,0.15,bigram
si-a-an,šu-šu-un-ka,0.15,0,0.15,bigram
si-a-an,up-qu-mi-ma,0.15,0,0.15,bigram
ku-ši-ih,up-qu-mi-ma,0.15,0,0.15,bigram
hi-en-ga,si-it-me,0.15,0,0.15,bigram
hi-en-ga,in-ti-ik-ka,0.15,0,0.15,bigram
mi-el-ki,si-ia-an,0.15,0,0.15,bigram
i-la-a-ni-me,mi-el-ki,0.15,0,0.15,bigram
i-la-a-ni-me,ku-ši-ih,0.15,0,0.15,bigram
du-ni-ih,hu-ut-ta-ak-ha-li-ik,0.15,0,0.15,bigram
a-i-in,šu-šu-un-ka,0.15,0,0.15,bigram
a-i-in,ku-te-en,0.15,0,0.15,bigram
ku-te-en,u2-pa-at,0.15,0,0.15,bigram
du-ni-ih,si-ia-an-ku-uk,0.15,0,0.15,bigram
si-ia-an-ku-uk,si-ma-aš2,0.15,0,0.15,bigram
hu-ut-tak-ha-li-ik,si-ma-aš2,0.15,0,0.15,bigram
dingir-gal,li-na,0.15,0,0.15,bigram
(d)na-bu-me,si-ia-an,0.15,0,0.15,bigram
(d)na-bu-me,u2-pa-at,0.15,0,0.15,bigram
(d)na-bu-u2,ku-ši-ih,0.15,0,0.15,bigram
(d)na-bu-u2,la-an-si-ti-ra,0.15,0,0.15,bigram
ir,la-an-si-ti-ra,0.15,0,0.15,bigram
(d)na-bu-u2,u2-me,0.15,0,0.15,bigram
(d)na-bu-u2,si-ia-an-ku-uk-ra,0.15,0,0.15,bigram
li-na,te-[la-ak-ni],0.15,0,0.15,bigram
pi-el,te-[la-ak-ni],0.15,0,0.15,bigram
[me]-lu-u[k-ra],na-a,0.15,0,0.15,bigram
[me]-lu-u[k-ra],šu-<ut>-ki-me,0.15,0,0.15,bigram
ša-at-ki-me,šu-<ut>-ki-me,0.15,0,0.15,bigram
su-un-ki-me,ša-at-ki-me,0.15,0,0.15,bigram
[tu4-ur],su-un-ki-me,0.15,0,0.15,bigram
[tu4-ur],hi-ih,0.15,0,0.15,bigram
(d)in-šu-uš-[na-ak],si-it-me,0.15,0,0.15,bigram
(md)hu-um-ba-nu-me-na-[ki,ša-ak,0.15,0,0.15,bigram
(md)hu-um-ba-nu-me-na-[ki,su-un-ki]-ik,0.15,0,0.15,bigram
an-za-an,su-un-ki]-ik,0.15,0,0.15,bigram
ku-ku-un-[nu-um,šu-šu-un-ka,0.15,0,0.15,bigram
[…]-ti-ia,ku-ku-un-[nu-um,0.15,0,0.15,bigram
a-ak,la-an-si-ti-me,0.15,0,0.15,bigram
ku-ši-ih,la-an-si-ti-me,0.15,0,0.15,bigram
[dingir-gal,ku-ši-ih,0.15,0,0.15,bigram
[dingir-gal,a-ak],0.15,0,0.15,bigram
(d)in-šu-uš-[na-ak,a-ak],0.15,0,0.15,bigram
(d)in-šu-uš-[na-ak,si-ia]-an-ku-uk-pa,0.15,0,0.15,bigram
[in,si-ia]-an-ku-uk-pa,0.15,0,0.15,bigram
[in,du-ni-ih,0.15,0,0.15,bigram
du-ni-ih,ku]-ku-un-[nu-um,0.15,0,0.15,bigram
[…]-ak,ku]-ku-un-[nu-um,0.15,0,0.15,bigram
[…]-ak,dingir-gal,0.15,0,0.15,bigram
[a-ak,dingir-gal,0.15,0,0.15,bigram
(d)in]-šu-uš-n[a-ak,[a-ak,0.15,0,0.15,bigram
(d)in]-šu-uš-n[a-ak,si-ia-an-ku]-uk-pa,0.15,0,0.15,bigram
[…],si-ia-an-ku]-uk-pa,0.15,0,0.15,bigram
[…],ra,0.15,0,0.15,bigram
[…]-uš-ni-e,ra,0.15,0,0.15,bigram
(m)un-taš-dingir-gal,ša-[ak,0.15,0,0.15,bigram
(md)hu-um-ba-nu-me-na-ki],ša-[ak,0.15,0,0.15,bigram
(md)hu-um-ba-nu-me-na-ki],su-un-ki-ik,0.15,0,0.15,bigram
an-za-an,šu-[šu-un-ka,0.15,0,0.15,bigram
ku-ku-un-nu-um],šu-[šu-un-ka,0.15,0,0.15,bigram
[…]-ti-ia,ku-ku-un-nu-um],0.15,0,0.15,bigram
a-ak,la-an-[si-ti-me,0.15,0,0.15,bigram
ku-ši-ih,la-an-[si-ti-me,0.15,0,0.15,bigram
(d)in-šu-uš]-na-ak,a-ak,0.15,0,0.15,bigram
(d)in-šu-uš]-na-ak,si-ia-an-[ku-uk-pa,0.15,0,0.15,bigram
in,si-ia-an-[ku-uk-pa,0.15,0,0.15,bigram
du-ni-ih,ku-ku-un-nu-um…,0.15,0,0.15,bigram
dingir-gal,ku-ku-un-nu-um…,0.15,0,0.15,bigram
a]-ak,dingir-gal,0.15,0,0.15,bigram
(d)in-šu-[uš-na-ak,a]-ak,0.15,0,0.15,bigram
(d)in-šu-[uš-na-ak,si-ia-an-ku-uk-pa],0.15,0,0.15,bigram
[…],si-ia-an-ku-uk-pa],0.15,0,0.15,bigram
[šu-šu]-un-ka,[…],0.15,0,0.15,bigram
[šu-šu]-un-ka,ta-ak-me,0.15,0,0.15,bigram
[š]u?-ut?-ta?,[…],0.15,0,0.15,bigram
[š]u?-ut?-ta?,in-gi,0.15,0,0.15,bigram
hi-[…],in-gi,0.15,0,0.15,bigram
[a-h]a-an,hi-[…],0.15,0,0.15,bigram
[a-h]a-an,hi?-iš,0.15,0,0.15,bigram
hi?-iš,u2-me,0.15,0,0.15,bigram
[…],hi-iš-e,0.15,0,0.15,bigram
[…u2]-pa-at,hi-iš-e,0.15,0,0.15,bigram
[…u2]-pa-at,ta-ah,0.15,0,0.15,bigram
[…],ta-ah,0.15,0,0.15,bigram
(d)u2-pur-ku-pa-ak,[…],0.15,0,0.15,bigram
[…],u2,0.15,0,0.15,bigram
u2,zig-ra-tu4,0.15,0,0.15,bigram
-me,zig-ra-tu4,0.15,0,0.15,bigram
-me,[…]-ti-e?,0.15,0,0.15,bigram
[…]-ti-e?,in,0.15,0,0.15,bigram
[an-za-a]n,[…],0.15,0,0.15,bigram
[an-za-a]n,šu-šu-un-[ka]-[…],0.15,0,0.15,bigram
[tu-ur],šu-šu-un-[ka]-[…],0.15,0,0.15,bigram
[tu-ur],hi-ih,0.15,0,0.15,bigram
[…],si-it-me,0.15,0,0.15,bigram
[in]-gi,[…],0.15,0,0.15,bigram
[in]-gi,hi-en-ka,0.15,0,0.15,bigram
hi-en-ka,in-[ti-ik-ka,0.15,0,0.15,bigram
a-ak],in-[ti-ik-ka,0.15,0,0.15,bigram
[…],a-ak],0.15,0,0.15,bigram
[ku-ku]-un-nu-um,[…],0.15,0,0.15,bigram
[ku-ku]-un-nu-um,up-ku-mi-[ia],0.15,0,0.15,bigram
[…],up-ku-mi-[ia],0.15,0,0.15,bigram
[…],[…u2-pa-at,0.15,0,0.15,bigram
[…u2-pa-at,hu]-us-si-ip-me,0.15,0,0.15,bigram
hu]-us-si-ip-me,ku-u[k-ši-ih],0.15,0,0.15,bigram
[…],ku-u[k-ši-ih],0.15,0,0.15,bigram
(d)in-šu-ši-na-ak,in,0.15,0,0.15,bigram
(d)aiba-sunkir,ku-ši-ih,0.15,0,0.15,bigram
(d)aiba-sunkir,un,0.15,0,0.15,bigram
(md)hu-ban-nu-um-me-en-na-ki,ša-ak,0.15,0,0.15,bigram
(md)hu-ban-nu-um-me-en-na-ki,su-un-ki-ik,0.15,0,0.15,bigram
(d)im,un,0.15,0,0.15,bigram
(md)hu-[um-ban-nu-me-na-gi],ša-ak,0.15,0,0.15,bigram
(md)hu-[um-ban-nu-me-na-gi],zu-un-ki-ik,0.15,0,0.15,bigram
an-za-an,šu-šu-[un-ka],0.15,0,0.15,bigram
si-ia-an,šu-šu-[un-ka],0.15,0,0.15,bigram
hu-uš-ti-in,si-ia-an,0.15,0,0.15,bigram
hu-uš-ti-in,u2-pa-at,0.15,0,0.15,bigram
[hu-us-si]-ip-me,u2-pa-at,0.15,0,0.15,bigram
[hu-us-si]-ip-me,{ku-ši-ih},0.15,0,0.15,bigram
(d){na-bu}-u2,{ku-ši-ih},0.15,0,0.15,bigram
(d){na-bu}-u2,in,0.15,0,0.15,bigram
(d)u2-pur-ku-ba-ak-me,si-ia-an,0.15,0,0.15,bigram
(d)u2-pur-ku-ba-ak-me,su-un-ki-ip,0.15,0,0.15,bigram
u2-ri-pu-pi,šu-šu-un,0.15,0,0.15,bigram
im-me,šu-šu-un,0.15,0,0.15,bigram
a-lu-me-lu,u2,0.15,0,0.15,bigram
a-lu-me-lu,ku-ši-ih,0.15,0,0.15,bigram
hi-še,ku-ši-ih,0.15,0,0.15,bigram
a-ha,hi-še,0.15,0,0.15,bigram
a-ha,ta-ah,0.15,0,0.15,bigram
a-ak,ta-ah,0.15,0,0.15,bigram
a-ak,ša-ri-ik,0.15,0,0.15,bigram
tuš,ša-ri-ik,0.15,0,0.15,bigram
kuš3,tuš,0.15,0,0.15,bigram
10-na,kuš3,0.15,0,0.15,bigram
10-na,ku-ši-ih,0.15,0,0.15,bigram
(d)pi-ni-gir3-me-im-ma,si-ia-an,0.15,0,0.15,bigram
(d)pi-ni-gir3-me-im-ma,u2-pa-at,0.15,0,0.15,bigram
(d)nun.sunki-me,si-ia-an,0.15,0,0.15,bigram
(d)nun.sunki-me,ku-ši-ih,0.15,0,0.15,bigram
(d)nun.sunki,ku-ši-ih,0.15,0,0.15,bigram
(d)nun.sunki,si-ia-an-ku-uk-ra,0.15,0,0.15,bigram
(d)na-zi-it-me,si-ia-an,0.15,0,0.15,bigram
(d)na-zi-it-me,ku-ši-ih,0.15,0,0.15,bigram
(d)na-zi-it,ku-ši-ih,0.15,0,0.15,bigram
(d)na-zi-it,si-ia-an-ku-uk-ra,0.15,0,0.15,bigram
(d)in-šu-ši-na-ak,si-ia-an-ku-{uk}-[pa],0.15,0,0.15,bigram
si-ia-an-ku-{uk}-[pa],{li}-na,0.15,0,0.15,bigram
{li}-na,{te-la}-ak-ni,0.15,0,0.15,bigram
(d)be-la-la,šu-šu-un-ka,0.15,0,0.15,bigram
(d)be-la-la,ku-ul-la-an-ka,0.15,0,0.15,bigram
(d)be-la-la,ku-ši-ih,0.15,0,0.15,bigram
(d)be-la-la,la-an-si-ti-ir-ra,0.15,0,0.15,bigram
(d)be-la-la,u2-me,0.15,0,0.15,bigram
(d)be-la-la,si-ia-an-ku-uk-ra,0.15,0,0.15,bigram
a-ak,zu-[un-ki-me,0.15,0,0.15,bigram
tu4-ur],zu-[un-ki-me,0.15,0,0.15,bigram
hi-ih,tu4-ur],0.15,0,0.15,bigram
(d)30,šu-šu-un-ka,0.15,0,0.15,bigram
(d)30,ku-ul-la-an-ka,0.15,0,0.15,bigram
ir-mu,si-ia-an-ra,0.15,0,0.15,bigram
hu-ut-tak-ha-li-ku,ir-mu,0.15,0,0.15,bigram
hu-ut-tak-ha-li-ku,u2-me,0.15,0,0.15,bigram
(d)hu-ban-um-me-na-ki,ša-ak,0.15,0,0.15,bigram
(d)hu-ban-um-me-na-ki,su-un-ki-ik,0.15,0,0.15,bigram
ku-ku-un-nu-um,šu-šu-un-ka,0.15,0,0.15,bigram
(d)in-šu-uš-na-ak,ku-ku-un-nu-um,0.15,0,0.15,bigram
(d)in-šu-uš-na-ak,uš-ta-na,0.15,0,0.15,bigram
in-tu4-um,uš-ta-na,0.15,0,0.15,bigram
i,in-tu4-um,0.15,0,0.15,bigram
i,ka-tah2,0.15,0,0.15,bigram
ka-tah2,su-un-ki-ip,0.15,0,0.15,bigram
su-un-ki-ip,u2-ri-pu-be,0.15,0,0.15,bigram
im-me,u2-ri-pu-be,0.15,0,0.15,bigram
hu-ut-tah-ša,ku-ku-un-nu-um,0.15,0,0.15,bigram
ik-ku,ku-ku-un-nu-um,0.15,0,0.15,bigram
ik-ku,te-ip-ta,0.15,0,0.15,bigram
si-ia-a-an-ku-uk-me,te-ip-ta,0.15,0,0.15,bigram
da-ah,si-ia-a-an-ku-uk-me,0.15,0,0.15,bigram
(d)in-šu-uš-na-ak,da-ah,0.15,0,0.15,bigram
(d)in-šu-uš-na-ak,i,0.15,0,0.15,bigram
du-ni-ih,i,0.15,0,0.15,bigram
du-ni-ih,su-un-ki-me,0.15,0,0.15,bigram
ki-it-ti-im-ma,su-un-ki-me,0.15,0,0.15,bigram
ki-it-ti-im-ma,te-im-ma,0.15,0,0.15,bigram
te-im-ma,tu4-ur,0.15,0,0.15,bigram
hi-ih,si-di-im-ma,0.15,0,0.15,bigram
si-di-im-ma,un,0.15,0,0.15,bigram
du-ni-iš,un,0.15,0,0.15,bigram
du-ni-iš,šu-ut-me,0.15,0,0.15,bigram
ša-at-me,šu-ut-me,0.15,0,0.15,bigram
ki-it-ti-in,ša-at-me,0.15,0,0.15,bigram
ki-it-ti-in,me-lu-uk-ma,0.15,0,0.15,bigram
me-lu-uk-ma,te-im-ma,0.15,0,0.15,bigram
gi-ri-na,te-im-ma,0.15,0,0.15,bigram
gi-ri-na,hu-un-hi-ih-na,0.15,0,0.15,bigram
dingir-gal,šu-šu-un-ka,0.15,0,0.15,bigram
(d)in-šu-ši-na-ak,un,0.15,0,0.15,bigram
ha-ni-ih-ši,un,0.15,0,0.15,bigram
[ta]š?-šu?-up,ha-ni-ih-ši,0.15,0,0.15,bigram
[ta]š?-šu?-up,dur-na-ah-u2-te-{na}?,0.15,0,0.15,bigram
dur-na-ah-u2-te-{na}?,mu-ur-ta-an,0.15,0,0.15,bigram
ku-[ku]-un-nu-um,mu-ur-ta-an,0.15,0,0.15,bigram
ku-[ku]-un-nu-um,lu-lu-uh-šu,0.15,0,0.15,bigram
a-ak,lu-lu-uh-šu,0.15,0,0.15,bigram
a-ak,ša-am?-me-eh-ši,0.15,0,0.15,bigram
{ku}?-nu-um,ša-am?-me-eh-ši,0.15,0,0.15,bigram
du-uh,{ku}?-nu-um,0.15,0,0.15,bigram
a-ak,du-uh,0.15,0,0.15,bigram
a-ak,{uk-ku}-me,0.15,0,0.15,bigram
en,{uk-ku}-me,0.15,0,0.15,bigram
en,zu-uk-ka-an-ka,0.15,0,0.15,bigram
hu-[ut]-tak-ha-li-ik,zu-uk-ka-an-ka,0.15,0,0.15,bigram
hu-[ut]-tak-ha-li-ik,u2-me,0.15,0,0.15,bigram
li-na,nu-mu-un,0.15,0,0.15,bigram
nu-mu-un,te-la-ak-ni,0.15,0,0.15,bigram
an-[za-an],su-un-ki-ik,0.15,0,0.15,bigram
an-[za-an],šu-šu-un-ka,0.15,0,0.15,bigram
u2-me,šu-ul-lu-me-en-ka,0.15,0,0.15,bigram
az-ki-it,šu-ul-lu-me-en-ka,0.15,0,0.15,bigram
[in-gi,za-ah-ri,0.15,0,0.15,bigram
[in-gi,hi-e]n-ka,0.15,0,0.15,bigram
hi-e]n-ka,in-ti-ik-ka,0.15,0,0.15,bigram
(d)u2-pur-ku-pa-ak,si-ia-an,0.15,0,0.15,bigram
(d)ha-te-ri-iš-nu-me,a-gi,0.15,0,0.15,bigram
(d)ha-te-ri-iš-nu-me,u2-pa-at,0.15,0,0.15,bigram
hu-si-ip-me,u2-pa-at,0.15,0,0.15,bigram
hu-si-ip-me,ka?-ap-na-ak,0.15,0,0.15,bigram
ka?-ap-na-ak,ku-ši-ih,0.15,0,0.15,bigram
(d)u2-pur-ku-pa-ak,ku-ši-ih,0.15,0,0.15,bigram
(d)ha-te-ri-iš-nu,a-gi,0.15,0,0.15,bigram
(d)ha-te-ri-iš-nu,[…],0.15,0,0.15,bigram
[…],ka?-ap-na-ak,0.15,0,0.15,bigram
ka?-ap-na-ak,si-ia-an,0.15,0,0.15,bigram
pa-at-tah,si-ia-an,0.15,0,0.15,bigram
[…],pa-at-tah,0.15,0,0.15,bigram
[pi-el],[…],0.15,0,0.15,bigram
[pi-el],ki-it-ti-[im-ma],0.15,0,0.15,bigram
ki-it-ti-[im-ma],na-a,0.15,0,0.15,bigram
me-[lu]-uk-ra,na-a,0.15,0,0.15,bigram
hu-ut-ta-ak,me-[lu]-uk-ra,0.15,0,0.15,bigram
(d)ha-te-ri-iš-[…],(d)u2-pur-ku-pa-ak,0.15,0,0.15,bigram
(d)ha-te-ri-iš-[…],li-ik-ri,0.15,0,0.15,bigram
a-ah?,li-ik-ri,0.15,0,0.15,bigram
a-ah?,du-uh?,0.15,0,0.15,bigram
du-uh?,u2,0.15,0,0.15,bigram
sig-ra-tu4,u2,0.15,0,0.15,bigram
ki-ik-ki-[…],sig-ra-tu4,0.15,0,0.15,bigram
(d)u2-pur-ku-ba-ak,šu-šu-un-ka,0.15,0,0.15,bigram
(d)u2-pur-ku-ba-ak,ku-ul-la-an-ka,0.15,0,0.15,bigram
ha-ah-ni-in-ra,ku-ul-la-an-ka,0.15,0,0.15,bigram
ha-ah-ni-in-ra,tu4-ru-un-ka,0.15,0,0.15,bigram
hu-ut-ta-an-ra,si-ia-an,0.15,0,0.15,bigram
(d)u2-pur-ku-ba-ak,ku-ši-ih,0.15,0,0.15,bigram
(d)u2-pur-ku-ba-ak,ir,0.15,0,0.15,bigram
mu-ur-tah,si-ia-an-ra,0.15,0,0.15,bigram
hu-ut-ta-ak,mu-ur-tah,0.15,0,0.15,bigram
(d)u2-pur-ku-ba-ak,u2-me,0.15,0,0.15,bigram
(d)u2-pur-ku-ba-ak,ul-li-na,0.15,0,0.15,bigram
(d)in-šu-ši-na-ak,(d)ma-áš-ti,0.15,0,0.15,bigram
(d)ma-áš-ti,a-ak,0.15,0,0.15,bigram
(d)te-ip-ti,a-ak,0.15,0,0.15,bigram
(d)te-ip-ti,si-it-tan-me,0.15,0,0.15,bigram
mu-uh-du-uh-me,si-it-tan-me,0.15,0,0.15,bigram
ku-ši-ih,mu-uh-du-uh-me,0.15,0,0.15,bigram
ku-ši-ih,šu-up,0.15,0,0.15,bigram
a-pi-me,šu-up,0.15,0,0.15,bigram
a-ak,a-pi-me,0.15,0,0.15,bigram
a-ak,li-ki-ir,0.15,0,0.15,bigram
a-pi-te,li-ki-ir,0.15,0,0.15,bigram
a-pi-te,pi-ip-ši-it-te,0.15,0,0.15,bigram
hu-ut-tah,pi-ip-ši-it-te,0.15,0,0.15,bigram
hu-ut-tah,šu-ut-ku-me,0.15,0,0.15,bigram
ša-at-ki-me,šu-ut-ku-me,0.15,0,0.15,bigram
a-ak,ša-at-ki-me,0.15,0,0.15,bigram
a-ak,tu4-ur-hi-ih,0.15,0,0.15,bigram
si-it-me,tu4-ur-hi-ih,0.15,0,0.15,bigram
si-it-me,un,0.15,0,0.15,bigram
du-ni-ih-ši-ni-e,un,0.15,0,0.15,bigram
(f)na-pir2-a-su,u2,0.15,0,0.15,bigram
(f)na-pir2-a-su,ru-tu4,0.15,0,0.15,bigram
(m)un-taš-dingir-gal-ki,u2,0.15,0,0.15,bigram
(f)na-pír-a-su,u2,0.15,0,0.15,bigram
(f)na-pír-a-su,ru-tu4,0.15,0,0.15,bigram
(m)un-taš-dingir-gal-ki,ak-ka,0.15,0,0.15,bigram
ak-ka,sa-al-mu-um,0.15,0,0.15,bigram
sa-al-mu-um,u2-me,0.15,0,0.15,bigram
hu-ma-an-ra,u2-me,0.15,0,0.15,bigram
ak-ka,hu-ma-an-ra,0.15,0,0.15,bigram
ak-ka,tu4-up-pi-me,0.15,0,0.15,bigram
me-el-ka-an-ra,tu4-up-pi-me,0.15,0,0.15,bigram
ak-ka,hi-iš,0.15,0,0.15,bigram
hi-iš,u2-me,0.15,0,0.15,bigram
su-ku-un-ra,u2-me,0.15,0,0.15,bigram
ha-<at>,su-ku-un-ra,0.15,0,0.15,bigram
dingir-gal,ha-<at>,0.15,0,0.15,bigram
(d)ki-ri-ri-ša,dingir-gal,0.15,0,0.15,bigram
(d)in-šu-uš-na-ak-ri,(d)ki-ri-ri-ša,0.15,0,0.15,bigram
(d)in-šu-uš-na-ak-ri,uk-ku-ri,0.15,0,0.15,bigram
na-ah-hu-un-te-ir,ta-ak-ni,0.15,0,0.15,bigram
na-ah-hu-un-te-ir,ša-ra-ra,0.15,0,0.15,bigram
hi-iš,ša-ra-ra,0.15,0,0.15,bigram
a-ni,hi-iš,0.15,0,0.15,bigram
a-ni,pi-li-in,0.15,0,0.15,bigram
pa-ar,pi-li-in,0.15,0,0.15,bigram
hi-ih,ku-tu4-un,0.15,0,0.15,bigram
(d)pi-el-ti-ya,hi-ih,0.15,0,0.15,bigram
(d)pi-el-ti-ya,na-pir2-ri-ša-ar-ra-pi,0.15,0,0.15,bigram
na-pir2-ri-ša-ar-ra-pi,uk-ku-pi,0.15,0,0.15,bigram
ip,uk-ku-pi,0.15,0,0.15,bigram
ip,me-it-ki-ni,0.15,0,0.15,bigram
